,Time,TimeInterval,StatisticItem,StatisticScope,StatisticParam,StatisticValue,MeasureUnit
1,20130414000000,100,SrcPacketCount,allnet,allnet,656.9330453563715,num
2,20130414000100,100,SrcPacketCount,allnet,allnet,668.7301587301587,num
3,20130414000200,100,SrcPacketCount,allnet,allnet,565.2818003913894,num
4,20130414000300,100,SrcPacketCount,allnet,allnet,695.1526195899772,num
5,20130414000400,100,SrcPacketCount,allnet,allnet,543.6659707724426,num
6,20130414000500,100,SrcPacketCount,allnet,allnet,643.9550102249489,num
7,20130414000600,100,SrcPacketCount,allnet,allnet,461.42932862190816,num
8,20130414000700,100,SrcPacketCount,allnet,allnet,513.7827956989247,num
9,20130414000800,100,SrcPacketCount,allnet,allnet,659.1990950226244,num
10,20130414000900,100,SrcPacketCount,allnet,allnet,558.5748898678414,num
11,20130414001000,100,SrcPacketCount,allnet,allnet,673.5316742081448,num
12,20130414001100,100,SrcPacketCount,allnet,allnet,596.7575107296137,num
13,20130414001200,100,SrcPacketCount,allnet,allnet,651.5590200445434,num
14,20130414001300,100,SrcPacketCount,allnet,allnet,633.9277652370204,num
15,20130414001400,100,SrcPacketCount,allnet,allnet,630.8587443946188,num
16,20130414001500,100,SrcPacketCount,allnet,allnet,609.6975169300226,num
17,20130414001600,100,SrcPacketCount,allnet,allnet,606.7406593406594,num
18,20130414001700,100,SrcPacketCount,allnet,allnet,579.5560640732266,num
19,20130414001800,100,SrcPacketCount,allnet,allnet,591.1397849462365,num
20,20130414001900,100,SrcPacketCount,allnet,allnet,630.2573363431151,num
21,20130414002000,100,SrcPacketCount,allnet,allnet,605.3130434782609,num
22,20130414002100,100,SrcPacketCount,allnet,allnet,595.2452830188679,num
23,20130414002200,100,SrcPacketCount,allnet,allnet,577.7112068965517,num
24,20130414002300,100,SrcPacketCount,allnet,allnet,591.5578947368421,num
25,20130414002400,100,SrcPacketCount,allnet,allnet,641.2427616926503,num
26,20130414002500,100,SrcPacketCount,allnet,allnet,616.5131845841785,num
27,20130414002600,100,SrcPacketCount,allnet,allnet,637.7009708737864,num
28,20130414002700,100,SrcPacketCount,allnet,allnet,688.6166666666667,num
29,20130414002800,100,SrcPacketCount,allnet,allnet,538.519305019305,num
30,20130414002900,100,SrcPacketCount,allnet,allnet,624.340782122905,num
31,20130414003000,100,SrcPacketCount,allnet,allnet,504.78723404255317,num
32,20130414003100,100,SrcPacketCount,allnet,allnet,449.74640287769785,num
33,20130414003200,100,SrcPacketCount,allnet,allnet,608.2926315789474,num
34,20130414003300,100,SrcPacketCount,allnet,allnet,591.2536997885835,num
35,20130414003400,100,SrcPacketCount,allnet,allnet,592.389721627409,num
36,20130414003500,100,SrcPacketCount,allnet,allnet,611.8109243697479,num
37,20130414003600,100,SrcPacketCount,allnet,allnet,656.2911963882618,num
38,20130414003700,100,SrcPacketCount,allnet,allnet,608.2947368421053,num
39,20130414003800,100,SrcPacketCount,allnet,allnet,641.9890350877193,num
40,20130414003900,100,SrcPacketCount,allnet,allnet,615.6674311926605,num
41,20130414004000,100,SrcPacketCount,allnet,allnet,566.4564755838641,num
42,20130414004100,100,SrcPacketCount,allnet,allnet,607.7440347071583,num
43,20130414004200,100,SrcPacketCount,allnet,allnet,670.8850325379609,num
44,20130414004300,100,SrcPacketCount,allnet,allnet,580.5140388768898,num
45,20130414004400,100,SrcPacketCount,allnet,allnet,611.5675675675676,num
46,20130414004500,100,SrcPacketCount,allnet,allnet,635.1626016260162,num
47,20130414004600,100,SrcPacketCount,allnet,allnet,635.3953488372093,num
48,20130414004700,100,SrcPacketCount,allnet,allnet,609.4831460674158,num
49,20130414004800,100,SrcPacketCount,allnet,allnet,609.3905930470347,num
50,20130414004900,100,SrcPacketCount,allnet,allnet,623.0953436807096,num
51,20130414005000,100,SrcPacketCount,allnet,allnet,607.389721627409,num
52,20130414005100,100,SrcPacketCount,allnet,allnet,676.0058027079303,num
53,20130414005200,100,SrcPacketCount,allnet,allnet,670.3856502242153,num
54,20130414005300,100,SrcPacketCount,allnet,allnet,617.9845474613686,num
55,20130414005400,100,SrcPacketCount,allnet,allnet,625.63539445629,num
56,20130414005500,100,SrcPacketCount,allnet,allnet,592.4173913043478,num
57,20130414005600,100,SrcPacketCount,allnet,allnet,602.8720472440945,num
58,20130414005700,100,SrcPacketCount,allnet,allnet,686.5877712031559,num
59,20130414005800,100,SrcPacketCount,allnet,allnet,628.745247148289,num
60,20130414005900,100,SrcPacketCount,allnet,allnet,570.3803339517625,num
61,20130414010000,100,SrcPacketCount,allnet,allnet,621.9543795620438,num
62,20130414010100,100,SrcPacketCount,allnet,allnet,487.78978388998036,num
63,20130414010200,100,SrcPacketCount,allnet,allnet,632.5413223140496,num
64,20130414010300,100,SrcPacketCount,allnet,allnet,581.1734317343173,num
65,20130414010400,100,SrcPacketCount,allnet,allnet,669.6179337231969,num
66,20130414010500,100,SrcPacketCount,allnet,allnet,736.4604462474645,num
67,20130414010600,100,SrcPacketCount,allnet,allnet,657.398,num
68,20130414010700,100,SrcPacketCount,allnet,allnet,580.8571428571429,num
69,20130414010800,100,SrcPacketCount,allnet,allnet,687.0439121756488,num
70,20130414010900,100,SrcPacketCount,allnet,allnet,592.1124497991968,num
71,20130414011000,100,SrcPacketCount,allnet,allnet,666.4285714285714,num
72,20130414011100,100,SrcPacketCount,allnet,allnet,582.0469387755102,num
73,20130414011200,100,SrcPacketCount,allnet,allnet,664.4961089494163,num
74,20130414011300,100,SrcPacketCount,allnet,allnet,601.49377593361,num
75,20130414011400,100,SrcPacketCount,allnet,allnet,628.9219088937093,num
76,20130414011500,100,SrcPacketCount,allnet,allnet,599.687242798354,num
77,20130414011600,100,SrcPacketCount,allnet,allnet,634.230303030303,num
78,20130414011700,100,SrcPacketCount,allnet,allnet,632.906746031746,num
79,20130414011800,100,SrcPacketCount,allnet,allnet,626.402489626556,num
80,20130414011900,100,SrcPacketCount,allnet,allnet,673.3194154488518,num
81,20130414012000,100,SrcPacketCount,allnet,allnet,605.0696721311475,num
82,20130414012100,100,SrcPacketCount,allnet,allnet,690.5608247422681,num
83,20130414012200,100,SrcPacketCount,allnet,allnet,627.7914979757085,num
84,20130414012300,100,SrcPacketCount,allnet,allnet,604.1279317697229,num
85,20130414012400,100,SrcPacketCount,allnet,allnet,649.2762557077625,num
86,20130414012500,100,SrcPacketCount,allnet,allnet,645.551867219917,num
87,20130414012600,100,SrcPacketCount,allnet,allnet,590.2207207207207,num
88,20130414012700,100,SrcPacketCount,allnet,allnet,606.990366088632,num
89,20130414012800,100,SrcPacketCount,allnet,allnet,562.5849731663685,num
90,20130414012900,100,SrcPacketCount,allnet,allnet,547.4545454545455,num
91,20130414013000,100,SrcPacketCount,allnet,allnet,675.2838283828382,num
92,20130414013100,100,SrcPacketCount,allnet,allnet,575.6446428571429,num
93,20130414013200,100,SrcPacketCount,allnet,allnet,830.009765625,num
94,20130414013300,100,SrcPacketCount,allnet,allnet,578.406374501992,num
95,20130414013400,100,SrcPacketCount,allnet,allnet,760.1772908366534,num
96,20130414013500,100,SrcPacketCount,allnet,allnet,622.5315682281059,num
97,20130414013600,100,SrcPacketCount,allnet,allnet,628.703187250996,num
98,20130414013700,100,SrcPacketCount,allnet,allnet,636.4400871459695,num
99,20130414013800,100,SrcPacketCount,allnet,allnet,612.7841140529531,num
100,20130414013900,100,SrcPacketCount,allnet,allnet,563.5699588477366,num
101,20130414014000,100,SrcPacketCount,allnet,allnet,715.8033126293996,num
102,20130414014100,100,SrcPacketCount,allnet,allnet,669.6797520661157,num
103,20130414014200,100,SrcPacketCount,allnet,allnet,623.2331288343559,num
104,20130414014300,100,SrcPacketCount,allnet,allnet,832.3571428571429,num
105,20130414014400,100,SrcPacketCount,allnet,allnet,,num
106,20130414014500,100,SrcPacketCount,allnet,allnet,,num
107,20130414014600,100,SrcPacketCount,allnet,allnet,,num
108,20130414014700,100,SrcPacketCount,allnet,allnet,,num
109,20130414014800,100,SrcPacketCount,allnet,allnet,,num
110,20130414014900,100,SrcPacketCount,allnet,allnet,,num
111,20130414015000,100,SrcPacketCount,allnet,allnet,,num
112,20130414015100,100,SrcPacketCount,allnet,allnet,,num
113,20130414015200,100,SrcPacketCount,allnet,allnet,,num
114,20130414015300,100,SrcPacketCount,allnet,allnet,,num
115,20130414015400,100,SrcPacketCount,allnet,allnet,,num
116,20130414015500,100,SrcPacketCount,allnet,allnet,,num
117,20130414015600,100,SrcPacketCount,allnet,allnet,,num
118,20130414015700,100,SrcPacketCount,allnet,allnet,,num
119,20130414015800,100,SrcPacketCount,allnet,allnet,,num
120,20130414015900,100,SrcPacketCount,allnet,allnet,,num
121,20130414020000,100,SrcPacketCount,allnet,allnet,,num
122,20130414020100,100,SrcPacketCount,allnet,allnet,,num
123,20130414020200,100,SrcPacketCount,allnet,allnet,,num
124,20130414020300,100,SrcPacketCount,allnet,allnet,,num
125,20130414020400,100,SrcPacketCount,allnet,allnet,,num
126,20130414020500,100,SrcPacketCount,allnet,allnet,,num
127,20130414020600,100,SrcPacketCount,allnet,allnet,,num
128,20130414020700,100,SrcPacketCount,allnet,allnet,,num
129,20130414020800,100,SrcPacketCount,allnet,allnet,,num
130,20130414020900,100,SrcPacketCount,allnet,allnet,,num
131,20130414021000,100,SrcPacketCount,allnet,allnet,,num
132,20130414021100,100,SrcPacketCount,allnet,allnet,,num
133,20130414021200,100,SrcPacketCount,allnet,allnet,,num
134,20130414021300,100,SrcPacketCount,allnet,allnet,,num
135,20130414021400,100,SrcPacketCount,allnet,allnet,,num
136,20130414021500,100,SrcPacketCount,allnet,allnet,,num
137,20130414021600,100,SrcPacketCount,allnet,allnet,,num
138,20130414021700,100,SrcPacketCount,allnet,allnet,,num
139,20130414021800,100,SrcPacketCount,allnet,allnet,,num
140,20130414021900,100,SrcPacketCount,allnet,allnet,,num
141,20130414022000,100,SrcPacketCount,allnet,allnet,,num
142,20130414022100,100,SrcPacketCount,allnet,allnet,,num
143,20130414022200,100,SrcPacketCount,allnet,allnet,,num
144,20130414022300,100,SrcPacketCount,allnet,allnet,,num
145,20130414022400,100,SrcPacketCount,allnet,allnet,,num
146,20130414022500,100,SrcPacketCount,allnet,allnet,,num
147,20130414022600,100,SrcPacketCount,allnet,allnet,,num
148,20130414022700,100,SrcPacketCount,allnet,allnet,,num
149,20130414022800,100,SrcPacketCount,allnet,allnet,,num
150,20130414022900,100,SrcPacketCount,allnet,allnet,,num
151,20130414023000,100,SrcPacketCount,allnet,allnet,,num
152,20130414023100,100,SrcPacketCount,allnet,allnet,,num
153,20130414023200,100,SrcPacketCount,allnet,allnet,,num
154,20130414023300,100,SrcPacketCount,allnet,allnet,,num
155,20130414023400,100,SrcPacketCount,allnet,allnet,,num
156,20130414023500,100,SrcPacketCount,allnet,allnet,,num
157,20130414023600,100,SrcPacketCount,allnet,allnet,,num
158,20130414023700,100,SrcPacketCount,allnet,allnet,,num
159,20130414023800,100,SrcPacketCount,allnet,allnet,,num
160,20130414023900,100,SrcPacketCount,allnet,allnet,,num
161,20130414024000,100,SrcPacketCount,allnet,allnet,,num
162,20130414024100,100,SrcPacketCount,allnet,allnet,,num
163,20130414024200,100,SrcPacketCount,allnet,allnet,,num
164,20130414024300,100,SrcPacketCount,allnet,allnet,,num
165,20130414024400,100,SrcPacketCount,allnet,allnet,,num
166,20130414024500,100,SrcPacketCount,allnet,allnet,,num
167,20130414024600,100,SrcPacketCount,allnet,allnet,,num
168,20130414024700,100,SrcPacketCount,allnet,allnet,,num
169,20130414024800,100,SrcPacketCount,allnet,allnet,,num
170,20130414024900,100,SrcPacketCount,allnet,allnet,,num
171,20130414025000,100,SrcPacketCount,allnet,allnet,,num
172,20130414025100,100,SrcPacketCount,allnet,allnet,,num
173,20130414025200,100,SrcPacketCount,allnet,allnet,,num
174,20130414025300,100,SrcPacketCount,allnet,allnet,,num
175,20130414025400,100,SrcPacketCount,allnet,allnet,,num
176,20130414025500,100,SrcPacketCount,allnet,allnet,,num
177,20130414025600,100,SrcPacketCount,allnet,allnet,,num
178,20130414025700,100,SrcPacketCount,allnet,allnet,,num
179,20130414025800,100,SrcPacketCount,allnet,allnet,,num
180,20130414025900,100,SrcPacketCount,allnet,allnet,,num
181,20130414030000,100,SrcPacketCount,allnet,allnet,,num
182,20130414030100,100,SrcPacketCount,allnet,allnet,,num
183,20130414030200,100,SrcPacketCount,allnet,allnet,,num
184,20130414030300,100,SrcPacketCount,allnet,allnet,,num
185,20130414030400,100,SrcPacketCount,allnet,allnet,,num
186,20130414030500,100,SrcPacketCount,allnet,allnet,,num
187,20130414030600,100,SrcPacketCount,allnet,allnet,,num
188,20130414030700,100,SrcPacketCount,allnet,allnet,,num
189,20130414030800,100,SrcPacketCount,allnet,allnet,,num
190,20130414030900,100,SrcPacketCount,allnet,allnet,,num
191,20130414031000,100,SrcPacketCount,allnet,allnet,,num
192,20130414031100,100,SrcPacketCount,allnet,allnet,,num
193,20130414031200,100,SrcPacketCount,allnet,allnet,,num
194,20130414031300,100,SrcPacketCount,allnet,allnet,,num
195,20130414031400,100,SrcPacketCount,allnet,allnet,,num
196,20130414031500,100,SrcPacketCount,allnet,allnet,,num
197,20130414031600,100,SrcPacketCount,allnet,allnet,,num
198,20130414031700,100,SrcPacketCount,allnet,allnet,,num
199,20130414031800,100,SrcPacketCount,allnet,allnet,,num
200,20130414031900,100,SrcPacketCount,allnet,allnet,,num
201,20130414032000,100,SrcPacketCount,allnet,allnet,,num
202,20130414032100,100,SrcPacketCount,allnet,allnet,,num
203,20130414032200,100,SrcPacketCount,allnet,allnet,,num
204,20130414032300,100,SrcPacketCount,allnet,allnet,,num
205,20130414032400,100,SrcPacketCount,allnet,allnet,,num
206,20130414032500,100,SrcPacketCount,allnet,allnet,,num
207,20130414032600,100,SrcPacketCount,allnet,allnet,,num
208,20130414032700,100,SrcPacketCount,allnet,allnet,,num
209,20130414032800,100,SrcPacketCount,allnet,allnet,,num
210,20130414032900,100,SrcPacketCount,allnet,allnet,,num
211,20130414033000,100,SrcPacketCount,allnet,allnet,,num
212,20130414033100,100,SrcPacketCount,allnet,allnet,,num
213,20130414033200,100,SrcPacketCount,allnet,allnet,,num
214,20130414033300,100,SrcPacketCount,allnet,allnet,,num
215,20130414033400,100,SrcPacketCount,allnet,allnet,,num
216,20130414033500,100,SrcPacketCount,allnet,allnet,,num
217,20130414033600,100,SrcPacketCount,allnet,allnet,,num
218,20130414033700,100,SrcPacketCount,allnet,allnet,,num
219,20130414033800,100,SrcPacketCount,allnet,allnet,,num
220,20130414033900,100,SrcPacketCount,allnet,allnet,,num
221,20130414034000,100,SrcPacketCount,allnet,allnet,,num
222,20130414034100,100,SrcPacketCount,allnet,allnet,,num
223,20130414034200,100,SrcPacketCount,allnet,allnet,,num
224,20130414034300,100,SrcPacketCount,allnet,allnet,,num
225,20130414034400,100,SrcPacketCount,allnet,allnet,,num
226,20130414034500,100,SrcPacketCount,allnet,allnet,,num
227,20130414034600,100,SrcPacketCount,allnet,allnet,,num
228,20130414034700,100,SrcPacketCount,allnet,allnet,,num
229,20130414034800,100,SrcPacketCount,allnet,allnet,,num
230,20130414034900,100,SrcPacketCount,allnet,allnet,,num
231,20130414035000,100,SrcPacketCount,allnet,allnet,,num
232,20130414035100,100,SrcPacketCount,allnet,allnet,,num
233,20130414035200,100,SrcPacketCount,allnet,allnet,,num
234,20130414035300,100,SrcPacketCount,allnet,allnet,,num
235,20130414035400,100,SrcPacketCount,allnet,allnet,,num
236,20130414035500,100,SrcPacketCount,allnet,allnet,,num
237,20130414035600,100,SrcPacketCount,allnet,allnet,,num
238,20130414035700,100,SrcPacketCount,allnet,allnet,,num
239,20130414035800,100,SrcPacketCount,allnet,allnet,,num
240,20130414035900,100,SrcPacketCount,allnet,allnet,,num
241,20130414040000,100,SrcPacketCount,allnet,allnet,,num
242,20130414040100,100,SrcPacketCount,allnet,allnet,,num
243,20130414040200,100,SrcPacketCount,allnet,allnet,,num
244,20130414040300,100,SrcPacketCount,allnet,allnet,,num
245,20130414040400,100,SrcPacketCount,allnet,allnet,,num
246,20130414040500,100,SrcPacketCount,allnet,allnet,,num
247,20130414040600,100,SrcPacketCount,allnet,allnet,,num
248,20130414040700,100,SrcPacketCount,allnet,allnet,,num
249,20130414040800,100,SrcPacketCount,allnet,allnet,,num
250,20130414040900,100,SrcPacketCount,allnet,allnet,,num
251,20130414041000,100,SrcPacketCount,allnet,allnet,,num
252,20130414041100,100,SrcPacketCount,allnet,allnet,,num
253,20130414041200,100,SrcPacketCount,allnet,allnet,,num
254,20130414041300,100,SrcPacketCount,allnet,allnet,,num
255,20130414041400,100,SrcPacketCount,allnet,allnet,,num
256,20130414041500,100,SrcPacketCount,allnet,allnet,,num
257,20130414041600,100,SrcPacketCount,allnet,allnet,,num
258,20130414041700,100,SrcPacketCount,allnet,allnet,,num
259,20130414041800,100,SrcPacketCount,allnet,allnet,,num
260,20130414041900,100,SrcPacketCount,allnet,allnet,,num
261,20130414042000,100,SrcPacketCount,allnet,allnet,,num
262,20130414042100,100,SrcPacketCount,allnet,allnet,,num
263,20130414042200,100,SrcPacketCount,allnet,allnet,,num
264,20130414042300,100,SrcPacketCount,allnet,allnet,,num
265,20130414042400,100,SrcPacketCount,allnet,allnet,,num
266,20130414042500,100,SrcPacketCount,allnet,allnet,,num
267,20130414042600,100,SrcPacketCount,allnet,allnet,,num
268,20130414042700,100,SrcPacketCount,allnet,allnet,,num
269,20130414042800,100,SrcPacketCount,allnet,allnet,,num
270,20130414042900,100,SrcPacketCount,allnet,allnet,,num
271,20130414043000,100,SrcPacketCount,allnet,allnet,,num
272,20130414043100,100,SrcPacketCount,allnet,allnet,,num
273,20130414043200,100,SrcPacketCount,allnet,allnet,,num
274,20130414043300,100,SrcPacketCount,allnet,allnet,,num
275,20130414043400,100,SrcPacketCount,allnet,allnet,,num
276,20130414043500,100,SrcPacketCount,allnet,allnet,,num
277,20130414043600,100,SrcPacketCount,allnet,allnet,,num
278,20130414043700,100,SrcPacketCount,allnet,allnet,,num
279,20130414043800,100,SrcPacketCount,allnet,allnet,,num
280,20130414043900,100,SrcPacketCount,allnet,allnet,,num
281,20130414044000,100,SrcPacketCount,allnet,allnet,,num
282,20130414044100,100,SrcPacketCount,allnet,allnet,,num
283,20130414044200,100,SrcPacketCount,allnet,allnet,,num
284,20130414044300,100,SrcPacketCount,allnet,allnet,,num
285,20130414044400,100,SrcPacketCount,allnet,allnet,,num
286,20130414044500,100,SrcPacketCount,allnet,allnet,,num
287,20130414044600,100,SrcPacketCount,allnet,allnet,,num
288,20130414044700,100,SrcPacketCount,allnet,allnet,,num
289,20130414044800,100,SrcPacketCount,allnet,allnet,,num
290,20130414044900,100,SrcPacketCount,allnet,allnet,,num
291,20130414045000,100,SrcPacketCount,allnet,allnet,,num
292,20130414045100,100,SrcPacketCount,allnet,allnet,,num
293,20130414045200,100,SrcPacketCount,allnet,allnet,,num
294,20130414045300,100,SrcPacketCount,allnet,allnet,,num
295,20130414045400,100,SrcPacketCount,allnet,allnet,,num
296,20130414045500,100,SrcPacketCount,allnet,allnet,,num
297,20130414045600,100,SrcPacketCount,allnet,allnet,,num
298,20130414045700,100,SrcPacketCount,allnet,allnet,,num
299,20130414045800,100,SrcPacketCount,allnet,allnet,,num
300,20130414045900,100,SrcPacketCount,allnet,allnet,,num
301,20130414050000,100,SrcPacketCount,allnet,allnet,,num
302,20130414050100,100,SrcPacketCount,allnet,allnet,,num
303,20130414050200,100,SrcPacketCount,allnet,allnet,,num
304,20130414050300,100,SrcPacketCount,allnet,allnet,,num
305,20130414050400,100,SrcPacketCount,allnet,allnet,,num
306,20130414050500,100,SrcPacketCount,allnet,allnet,,num
307,20130414050600,100,SrcPacketCount,allnet,allnet,,num
308,20130414050700,100,SrcPacketCount,allnet,allnet,,num
309,20130414050800,100,SrcPacketCount,allnet,allnet,,num
310,20130414050900,100,SrcPacketCount,allnet,allnet,,num
311,20130414051000,100,SrcPacketCount,allnet,allnet,,num
312,20130414051100,100,SrcPacketCount,allnet,allnet,,num
313,20130414051200,100,SrcPacketCount,allnet,allnet,,num
314,20130414051300,100,SrcPacketCount,allnet,allnet,,num
315,20130414051400,100,SrcPacketCount,allnet,allnet,,num
316,20130414051500,100,SrcPacketCount,allnet,allnet,,num
317,20130414051600,100,SrcPacketCount,allnet,allnet,,num
318,20130414051700,100,SrcPacketCount,allnet,allnet,,num
319,20130414051800,100,SrcPacketCount,allnet,allnet,,num
320,20130414051900,100,SrcPacketCount,allnet,allnet,,num
321,20130414052000,100,SrcPacketCount,allnet,allnet,,num
322,20130414052100,100,SrcPacketCount,allnet,allnet,,num
323,20130414052200,100,SrcPacketCount,allnet,allnet,,num
324,20130414052300,100,SrcPacketCount,allnet,allnet,,num
325,20130414052400,100,SrcPacketCount,allnet,allnet,,num
326,20130414052500,100,SrcPacketCount,allnet,allnet,,num
327,20130414052600,100,SrcPacketCount,allnet,allnet,,num
328,20130414052700,100,SrcPacketCount,allnet,allnet,,num
329,20130414052800,100,SrcPacketCount,allnet,allnet,,num
330,20130414052900,100,SrcPacketCount,allnet,allnet,,num
331,20130414053000,100,SrcPacketCount,allnet,allnet,,num
332,20130414053100,100,SrcPacketCount,allnet,allnet,,num
333,20130414053200,100,SrcPacketCount,allnet,allnet,,num
334,20130414053300,100,SrcPacketCount,allnet,allnet,,num
335,20130414053400,100,SrcPacketCount,allnet,allnet,,num
336,20130414053500,100,SrcPacketCount,allnet,allnet,,num
337,20130414053600,100,SrcPacketCount,allnet,allnet,,num
338,20130414053700,100,SrcPacketCount,allnet,allnet,,num
339,20130414053800,100,SrcPacketCount,allnet,allnet,,num
340,20130414053900,100,SrcPacketCount,allnet,allnet,,num
341,20130414054000,100,SrcPacketCount,allnet,allnet,,num
342,20130414054100,100,SrcPacketCount,allnet,allnet,,num
343,20130414054200,100,SrcPacketCount,allnet,allnet,,num
344,20130414054300,100,SrcPacketCount,allnet,allnet,,num
345,20130414054400,100,SrcPacketCount,allnet,allnet,,num
346,20130414054500,100,SrcPacketCount,allnet,allnet,,num
347,20130414054600,100,SrcPacketCount,allnet,allnet,,num
348,20130414054700,100,SrcPacketCount,allnet,allnet,,num
349,20130414054800,100,SrcPacketCount,allnet,allnet,,num
350,20130414054900,100,SrcPacketCount,allnet,allnet,,num
351,20130414055000,100,SrcPacketCount,allnet,allnet,,num
352,20130414055100,100,SrcPacketCount,allnet,allnet,,num
353,20130414055200,100,SrcPacketCount,allnet,allnet,,num
354,20130414055300,100,SrcPacketCount,allnet,allnet,,num
355,20130414055400,100,SrcPacketCount,allnet,allnet,,num
356,20130414055500,100,SrcPacketCount,allnet,allnet,,num
357,20130414055600,100,SrcPacketCount,allnet,allnet,,num
358,20130414055700,100,SrcPacketCount,allnet,allnet,,num
359,20130414055800,100,SrcPacketCount,allnet,allnet,,num
360,20130414055900,100,SrcPacketCount,allnet,allnet,,num
361,20130414060000,100,SrcPacketCount,allnet,allnet,,num
362,20130414060100,100,SrcPacketCount,allnet,allnet,,num
363,20130414060200,100,SrcPacketCount,allnet,allnet,,num
364,20130414060300,100,SrcPacketCount,allnet,allnet,,num
365,20130414060400,100,SrcPacketCount,allnet,allnet,,num
366,20130414060500,100,SrcPacketCount,allnet,allnet,,num
367,20130414060600,100,SrcPacketCount,allnet,allnet,,num
368,20130414060700,100,SrcPacketCount,allnet,allnet,,num
369,20130414060800,100,SrcPacketCount,allnet,allnet,,num
370,20130414060900,100,SrcPacketCount,allnet,allnet,,num
371,20130414061000,100,SrcPacketCount,allnet,allnet,,num
372,20130414061100,100,SrcPacketCount,allnet,allnet,,num
373,20130414061200,100,SrcPacketCount,allnet,allnet,,num
374,20130414061300,100,SrcPacketCount,allnet,allnet,,num
375,20130414061400,100,SrcPacketCount,allnet,allnet,,num
376,20130414061500,100,SrcPacketCount,allnet,allnet,,num
377,20130414061600,100,SrcPacketCount,allnet,allnet,,num
378,20130414061700,100,SrcPacketCount,allnet,allnet,,num
379,20130414061800,100,SrcPacketCount,allnet,allnet,,num
380,20130414061900,100,SrcPacketCount,allnet,allnet,,num
381,20130414062000,100,SrcPacketCount,allnet,allnet,,num
382,20130414062100,100,SrcPacketCount,allnet,allnet,,num
383,20130414062200,100,SrcPacketCount,allnet,allnet,,num
384,20130414062300,100,SrcPacketCount,allnet,allnet,,num
385,20130414062400,100,SrcPacketCount,allnet,allnet,,num
386,20130414062500,100,SrcPacketCount,allnet,allnet,,num
387,20130414062600,100,SrcPacketCount,allnet,allnet,,num
388,20130414062700,100,SrcPacketCount,allnet,allnet,,num
389,20130414062800,100,SrcPacketCount,allnet,allnet,,num
390,20130414062900,100,SrcPacketCount,allnet,allnet,,num
391,20130414063000,100,SrcPacketCount,allnet,allnet,,num
392,20130414063100,100,SrcPacketCount,allnet,allnet,,num
393,20130414063200,100,SrcPacketCount,allnet,allnet,,num
394,20130414063300,100,SrcPacketCount,allnet,allnet,,num
395,20130414063400,100,SrcPacketCount,allnet,allnet,,num
396,20130414063500,100,SrcPacketCount,allnet,allnet,,num
397,20130414063600,100,SrcPacketCount,allnet,allnet,,num
398,20130414063700,100,SrcPacketCount,allnet,allnet,,num
399,20130414063800,100,SrcPacketCount,allnet,allnet,,num
400,20130414063900,100,SrcPacketCount,allnet,allnet,,num
401,20130414064000,100,SrcPacketCount,allnet,allnet,,num
402,20130414064100,100,SrcPacketCount,allnet,allnet,,num
403,20130414064200,100,SrcPacketCount,allnet,allnet,,num
404,20130414064300,100,SrcPacketCount,allnet,allnet,,num
405,20130414064400,100,SrcPacketCount,allnet,allnet,,num
406,20130414064500,100,SrcPacketCount,allnet,allnet,,num
407,20130414064600,100,SrcPacketCount,allnet,allnet,,num
408,20130414064700,100,SrcPacketCount,allnet,allnet,,num
409,20130414064800,100,SrcPacketCount,allnet,allnet,,num
410,20130414064900,100,SrcPacketCount,allnet,allnet,,num
411,20130414065000,100,SrcPacketCount,allnet,allnet,,num
412,20130414065100,100,SrcPacketCount,allnet,allnet,,num
413,20130414065200,100,SrcPacketCount,allnet,allnet,,num
414,20130414065300,100,SrcPacketCount,allnet,allnet,,num
415,20130414065400,100,SrcPacketCount,allnet,allnet,,num
416,20130414065500,100,SrcPacketCount,allnet,allnet,,num
417,20130414065600,100,SrcPacketCount,allnet,allnet,,num
418,20130414065700,100,SrcPacketCount,allnet,allnet,,num
419,20130414065800,100,SrcPacketCount,allnet,allnet,,num
420,20130414065900,100,SrcPacketCount,allnet,allnet,,num
421,20130414070000,100,SrcPacketCount,allnet,allnet,,num
422,20130414070100,100,SrcPacketCount,allnet,allnet,,num
423,20130414070200,100,SrcPacketCount,allnet,allnet,,num
424,20130414070300,100,SrcPacketCount,allnet,allnet,,num
425,20130414070400,100,SrcPacketCount,allnet,allnet,,num
426,20130414070500,100,SrcPacketCount,allnet,allnet,,num
427,20130414070600,100,SrcPacketCount,allnet,allnet,,num
428,20130414070700,100,SrcPacketCount,allnet,allnet,,num
429,20130414070800,100,SrcPacketCount,allnet,allnet,,num
430,20130414070900,100,SrcPacketCount,allnet,allnet,,num
431,20130414071000,100,SrcPacketCount,allnet,allnet,,num
432,20130414071100,100,SrcPacketCount,allnet,allnet,,num
433,20130414071200,100,SrcPacketCount,allnet,allnet,,num
434,20130414071300,100,SrcPacketCount,allnet,allnet,,num
435,20130414071400,100,SrcPacketCount,allnet,allnet,,num
436,20130414071500,100,SrcPacketCount,allnet,allnet,,num
437,20130414071600,100,SrcPacketCount,allnet,allnet,,num
438,20130414071700,100,SrcPacketCount,allnet,allnet,,num
439,20130414071800,100,SrcPacketCount,allnet,allnet,,num
440,20130414071900,100,SrcPacketCount,allnet,allnet,,num
441,20130414072000,100,SrcPacketCount,allnet,allnet,,num
442,20130414072100,100,SrcPacketCount,allnet,allnet,,num
443,20130414072200,100,SrcPacketCount,allnet,allnet,,num
444,20130414072300,100,SrcPacketCount,allnet,allnet,,num
445,20130414072400,100,SrcPacketCount,allnet,allnet,,num
446,20130414072500,100,SrcPacketCount,allnet,allnet,,num
447,20130414072600,100,SrcPacketCount,allnet,allnet,,num
448,20130414072700,100,SrcPacketCount,allnet,allnet,,num
449,20130414072800,100,SrcPacketCount,allnet,allnet,,num
450,20130414072900,100,SrcPacketCount,allnet,allnet,,num
451,20130414073000,100,SrcPacketCount,allnet,allnet,,num
452,20130414073100,100,SrcPacketCount,allnet,allnet,,num
453,20130414073200,100,SrcPacketCount,allnet,allnet,,num
454,20130414073300,100,SrcPacketCount,allnet,allnet,,num
455,20130414073400,100,SrcPacketCount,allnet,allnet,,num
456,20130414073500,100,SrcPacketCount,allnet,allnet,,num
457,20130414073600,100,SrcPacketCount,allnet,allnet,,num
458,20130414073700,100,SrcPacketCount,allnet,allnet,,num
459,20130414073800,100,SrcPacketCount,allnet,allnet,,num
460,20130414073900,100,SrcPacketCount,allnet,allnet,,num
461,20130414074000,100,SrcPacketCount,allnet,allnet,,num
462,20130414074100,100,SrcPacketCount,allnet,allnet,,num
463,20130414074200,100,SrcPacketCount,allnet,allnet,,num
464,20130414074300,100,SrcPacketCount,allnet,allnet,,num
465,20130414074400,100,SrcPacketCount,allnet,allnet,,num
466,20130414074500,100,SrcPacketCount,allnet,allnet,,num
467,20130414074600,100,SrcPacketCount,allnet,allnet,,num
468,20130414074700,100,SrcPacketCount,allnet,allnet,,num
469,20130414074800,100,SrcPacketCount,allnet,allnet,,num
470,20130414074900,100,SrcPacketCount,allnet,allnet,,num
471,20130414075000,100,SrcPacketCount,allnet,allnet,,num
472,20130414075100,100,SrcPacketCount,allnet,allnet,,num
473,20130414075200,100,SrcPacketCount,allnet,allnet,,num
474,20130414075300,100,SrcPacketCount,allnet,allnet,,num
475,20130414075400,100,SrcPacketCount,allnet,allnet,,num
476,20130414075500,100,SrcPacketCount,allnet,allnet,,num
477,20130414075600,100,SrcPacketCount,allnet,allnet,,num
478,20130414075700,100,SrcPacketCount,allnet,allnet,,num
479,20130414075800,100,SrcPacketCount,allnet,allnet,,num
480,20130414075900,100,SrcPacketCount,allnet,allnet,,num
481,20130414080000,100,SrcPacketCount,allnet,allnet,,num
482,20130414080100,100,SrcPacketCount,allnet,allnet,,num
483,20130414080200,100,SrcPacketCount,allnet,allnet,,num
484,20130414080300,100,SrcPacketCount,allnet,allnet,,num
485,20130414080400,100,SrcPacketCount,allnet,allnet,,num
486,20130414080500,100,SrcPacketCount,allnet,allnet,,num
487,20130414080600,100,SrcPacketCount,allnet,allnet,,num
488,20130414080700,100,SrcPacketCount,allnet,allnet,,num
489,20130414080800,100,SrcPacketCount,allnet,allnet,,num
490,20130414080900,100,SrcPacketCount,allnet,allnet,,num
491,20130414081000,100,SrcPacketCount,allnet,allnet,,num
492,20130414081100,100,SrcPacketCount,allnet,allnet,,num
493,20130414081200,100,SrcPacketCount,allnet,allnet,,num
494,20130414081300,100,SrcPacketCount,allnet,allnet,,num
495,20130414081400,100,SrcPacketCount,allnet,allnet,,num
496,20130414081500,100,SrcPacketCount,allnet,allnet,,num
497,20130414081600,100,SrcPacketCount,allnet,allnet,,num
498,20130414081700,100,SrcPacketCount,allnet,allnet,,num
499,20130414081800,100,SrcPacketCount,allnet,allnet,,num
500,20130414081900,100,SrcPacketCount,allnet,allnet,,num
501,20130414082000,100,SrcPacketCount,allnet,allnet,,num
502,20130414082100,100,SrcPacketCount,allnet,allnet,,num
503,20130414082200,100,SrcPacketCount,allnet,allnet,,num
504,20130414082300,100,SrcPacketCount,allnet,allnet,,num
505,20130414082400,100,SrcPacketCount,allnet,allnet,,num
506,20130414082500,100,SrcPacketCount,allnet,allnet,,num
507,20130414082600,100,SrcPacketCount,allnet,allnet,,num
508,20130414082700,100,SrcPacketCount,allnet,allnet,,num
509,20130414082800,100,SrcPacketCount,allnet,allnet,,num
510,20130414082900,100,SrcPacketCount,allnet,allnet,,num
511,20130414083000,100,SrcPacketCount,allnet,allnet,,num
512,20130414083100,100,SrcPacketCount,allnet,allnet,,num
513,20130414083200,100,SrcPacketCount,allnet,allnet,,num
514,20130414083300,100,SrcPacketCount,allnet,allnet,,num
515,20130414083400,100,SrcPacketCount,allnet,allnet,,num
516,20130414083500,100,SrcPacketCount,allnet,allnet,,num
517,20130414083600,100,SrcPacketCount,allnet,allnet,,num
518,20130414083700,100,SrcPacketCount,allnet,allnet,,num
519,20130414083800,100,SrcPacketCount,allnet,allnet,,num
520,20130414083900,100,SrcPacketCount,allnet,allnet,,num
521,20130414084000,100,SrcPacketCount,allnet,allnet,,num
522,20130414084100,100,SrcPacketCount,allnet,allnet,,num
523,20130414084200,100,SrcPacketCount,allnet,allnet,,num
524,20130414084300,100,SrcPacketCount,allnet,allnet,,num
525,20130414084400,100,SrcPacketCount,allnet,allnet,,num
526,20130414084500,100,SrcPacketCount,allnet,allnet,,num
527,20130414084600,100,SrcPacketCount,allnet,allnet,,num
528,20130414084700,100,SrcPacketCount,allnet,allnet,,num
529,20130414084800,100,SrcPacketCount,allnet,allnet,,num
530,20130414084900,100,SrcPacketCount,allnet,allnet,,num
531,20130414085000,100,SrcPacketCount,allnet,allnet,,num
532,20130414085100,100,SrcPacketCount,allnet,allnet,,num
533,20130414085200,100,SrcPacketCount,allnet,allnet,,num
534,20130414085300,100,SrcPacketCount,allnet,allnet,,num
535,20130414085400,100,SrcPacketCount,allnet,allnet,,num
536,20130414085500,100,SrcPacketCount,allnet,allnet,,num
537,20130414085600,100,SrcPacketCount,allnet,allnet,,num
538,20130414085700,100,SrcPacketCount,allnet,allnet,,num
539,20130414085800,100,SrcPacketCount,allnet,allnet,,num
540,20130414085900,100,SrcPacketCount,allnet,allnet,,num
541,20130414090000,100,SrcPacketCount,allnet,allnet,,num
542,20130414090100,100,SrcPacketCount,allnet,allnet,,num
543,20130414090200,100,SrcPacketCount,allnet,allnet,,num
544,20130414090300,100,SrcPacketCount,allnet,allnet,,num
545,20130414090400,100,SrcPacketCount,allnet,allnet,,num
546,20130414090500,100,SrcPacketCount,allnet,allnet,,num
547,20130414090600,100,SrcPacketCount,allnet,allnet,,num
548,20130414090700,100,SrcPacketCount,allnet,allnet,,num
549,20130414090800,100,SrcPacketCount,allnet,allnet,,num
550,20130414090900,100,SrcPacketCount,allnet,allnet,,num
551,20130414091000,100,SrcPacketCount,allnet,allnet,,num
552,20130414091100,100,SrcPacketCount,allnet,allnet,,num
553,20130414091200,100,SrcPacketCount,allnet,allnet,,num
554,20130414091300,100,SrcPacketCount,allnet,allnet,,num
555,20130414091400,100,SrcPacketCount,allnet,allnet,,num
556,20130414091500,100,SrcPacketCount,allnet,allnet,,num
557,20130414091600,100,SrcPacketCount,allnet,allnet,,num
558,20130414091700,100,SrcPacketCount,allnet,allnet,,num
559,20130414091800,100,SrcPacketCount,allnet,allnet,,num
560,20130414091900,100,SrcPacketCount,allnet,allnet,,num
561,20130414092000,100,SrcPacketCount,allnet,allnet,,num
562,20130414092100,100,SrcPacketCount,allnet,allnet,,num
563,20130414092200,100,SrcPacketCount,allnet,allnet,,num
564,20130414092300,100,SrcPacketCount,allnet,allnet,,num
565,20130414092400,100,SrcPacketCount,allnet,allnet,,num
566,20130414092500,100,SrcPacketCount,allnet,allnet,,num
567,20130414092600,100,SrcPacketCount,allnet,allnet,,num
568,20130414092700,100,SrcPacketCount,allnet,allnet,,num
569,20130414092800,100,SrcPacketCount,allnet,allnet,,num
570,20130414092900,100,SrcPacketCount,allnet,allnet,,num
571,20130414093000,100,SrcPacketCount,allnet,allnet,,num
572,20130414093100,100,SrcPacketCount,allnet,allnet,,num
573,20130414093200,100,SrcPacketCount,allnet,allnet,,num
574,20130414093300,100,SrcPacketCount,allnet,allnet,,num
575,20130414093400,100,SrcPacketCount,allnet,allnet,,num
576,20130414093500,100,SrcPacketCount,allnet,allnet,,num
577,20130414093600,100,SrcPacketCount,allnet,allnet,,num
578,20130414093700,100,SrcPacketCount,allnet,allnet,,num
579,20130414093800,100,SrcPacketCount,allnet,allnet,,num
580,20130414093900,100,SrcPacketCount,allnet,allnet,,num
581,20130414094000,100,SrcPacketCount,allnet,allnet,,num
582,20130414094100,100,SrcPacketCount,allnet,allnet,,num
583,20130414094200,100,SrcPacketCount,allnet,allnet,,num
584,20130414094300,100,SrcPacketCount,allnet,allnet,,num
585,20130414094400,100,SrcPacketCount,allnet,allnet,,num
586,20130414094500,100,SrcPacketCount,allnet,allnet,,num
587,20130414094600,100,SrcPacketCount,allnet,allnet,,num
588,20130414094700,100,SrcPacketCount,allnet,allnet,,num
589,20130414094800,100,SrcPacketCount,allnet,allnet,,num
590,20130414094900,100,SrcPacketCount,allnet,allnet,,num
591,20130414095000,100,SrcPacketCount,allnet,allnet,,num
592,20130414095100,100,SrcPacketCount,allnet,allnet,,num
593,20130414095200,100,SrcPacketCount,allnet,allnet,,num
594,20130414095300,100,SrcPacketCount,allnet,allnet,,num
595,20130414095400,100,SrcPacketCount,allnet,allnet,,num
596,20130414095500,100,SrcPacketCount,allnet,allnet,,num
597,20130414095600,100,SrcPacketCount,allnet,allnet,,num
598,20130414095700,100,SrcPacketCount,allnet,allnet,,num
599,20130414095800,100,SrcPacketCount,allnet,allnet,,num
600,20130414095900,100,SrcPacketCount,allnet,allnet,,num
601,20130414100000,100,SrcPacketCount,allnet,allnet,,num
602,20130414100100,100,SrcPacketCount,allnet,allnet,,num
603,20130414100200,100,SrcPacketCount,allnet,allnet,,num
604,20130414100300,100,SrcPacketCount,allnet,allnet,,num
605,20130414100400,100,SrcPacketCount,allnet,allnet,,num
606,20130414100500,100,SrcPacketCount,allnet,allnet,,num
607,20130414100600,100,SrcPacketCount,allnet,allnet,,num
608,20130414100700,100,SrcPacketCount,allnet,allnet,,num
609,20130414100800,100,SrcPacketCount,allnet,allnet,,num
610,20130414100900,100,SrcPacketCount,allnet,allnet,,num
611,20130414101000,100,SrcPacketCount,allnet,allnet,,num
612,20130414101100,100,SrcPacketCount,allnet,allnet,,num
613,20130414101200,100,SrcPacketCount,allnet,allnet,,num
614,20130414101300,100,SrcPacketCount,allnet,allnet,,num
615,20130414101400,100,SrcPacketCount,allnet,allnet,,num
616,20130414101500,100,SrcPacketCount,allnet,allnet,,num
617,20130414101600,100,SrcPacketCount,allnet,allnet,,num
618,20130414101700,100,SrcPacketCount,allnet,allnet,,num
619,20130414101800,100,SrcPacketCount,allnet,allnet,,num
620,20130414101900,100,SrcPacketCount,allnet,allnet,,num
621,20130414102000,100,SrcPacketCount,allnet,allnet,,num
622,20130414102100,100,SrcPacketCount,allnet,allnet,,num
623,20130414102200,100,SrcPacketCount,allnet,allnet,,num
624,20130414102300,100,SrcPacketCount,allnet,allnet,,num
625,20130414102400,100,SrcPacketCount,allnet,allnet,,num
626,20130414102500,100,SrcPacketCount,allnet,allnet,,num
627,20130414102600,100,SrcPacketCount,allnet,allnet,,num
628,20130414102700,100,SrcPacketCount,allnet,allnet,,num
629,20130414102800,100,SrcPacketCount,allnet,allnet,,num
630,20130414102900,100,SrcPacketCount,allnet,allnet,,num
631,20130414103000,100,SrcPacketCount,allnet,allnet,,num
632,20130414103100,100,SrcPacketCount,allnet,allnet,,num
633,20130414103200,100,SrcPacketCount,allnet,allnet,,num
634,20130414103300,100,SrcPacketCount,allnet,allnet,,num
635,20130414103400,100,SrcPacketCount,allnet,allnet,,num
636,20130414103500,100,SrcPacketCount,allnet,allnet,,num
637,20130414103600,100,SrcPacketCount,allnet,allnet,,num
638,20130414103700,100,SrcPacketCount,allnet,allnet,,num
639,20130414103800,100,SrcPacketCount,allnet,allnet,,num
640,20130414103900,100,SrcPacketCount,allnet,allnet,,num
641,20130414104000,100,SrcPacketCount,allnet,allnet,,num
642,20130414104100,100,SrcPacketCount,allnet,allnet,,num
643,20130414104200,100,SrcPacketCount,allnet,allnet,,num
644,20130414104300,100,SrcPacketCount,allnet,allnet,,num
645,20130414104400,100,SrcPacketCount,allnet,allnet,,num
646,20130414104500,100,SrcPacketCount,allnet,allnet,,num
647,20130414104600,100,SrcPacketCount,allnet,allnet,,num
648,20130414104700,100,SrcPacketCount,allnet,allnet,,num
649,20130414104800,100,SrcPacketCount,allnet,allnet,,num
650,20130414104900,100,SrcPacketCount,allnet,allnet,,num
651,20130414105000,100,SrcPacketCount,allnet,allnet,,num
652,20130414105100,100,SrcPacketCount,allnet,allnet,,num
653,20130414105200,100,SrcPacketCount,allnet,allnet,,num
654,20130414105300,100,SrcPacketCount,allnet,allnet,,num
655,20130414105400,100,SrcPacketCount,allnet,allnet,,num
656,20130414105500,100,SrcPacketCount,allnet,allnet,,num
657,20130414105600,100,SrcPacketCount,allnet,allnet,,num
658,20130414105700,100,SrcPacketCount,allnet,allnet,,num
659,20130414105800,100,SrcPacketCount,allnet,allnet,,num
660,20130414105900,100,SrcPacketCount,allnet,allnet,,num
661,20130414110000,100,SrcPacketCount,allnet,allnet,,num
662,20130414110100,100,SrcPacketCount,allnet,allnet,,num
663,20130414110200,100,SrcPacketCount,allnet,allnet,,num
664,20130414110300,100,SrcPacketCount,allnet,allnet,,num
665,20130414110400,100,SrcPacketCount,allnet,allnet,,num
666,20130414110500,100,SrcPacketCount,allnet,allnet,,num
667,20130414110600,100,SrcPacketCount,allnet,allnet,,num
668,20130414110700,100,SrcPacketCount,allnet,allnet,,num
669,20130414110800,100,SrcPacketCount,allnet,allnet,,num
670,20130414110900,100,SrcPacketCount,allnet,allnet,,num
671,20130414111000,100,SrcPacketCount,allnet,allnet,,num
672,20130414111100,100,SrcPacketCount,allnet,allnet,,num
673,20130414111200,100,SrcPacketCount,allnet,allnet,,num
674,20130414111300,100,SrcPacketCount,allnet,allnet,,num
675,20130414111400,100,SrcPacketCount,allnet,allnet,,num
676,20130414111500,100,SrcPacketCount,allnet,allnet,,num
677,20130414111600,100,SrcPacketCount,allnet,allnet,,num
678,20130414111700,100,SrcPacketCount,allnet,allnet,,num
679,20130414111800,100,SrcPacketCount,allnet,allnet,,num
680,20130414111900,100,SrcPacketCount,allnet,allnet,,num
681,20130414112000,100,SrcPacketCount,allnet,allnet,,num
682,20130414112100,100,SrcPacketCount,allnet,allnet,,num
683,20130414112200,100,SrcPacketCount,allnet,allnet,,num
684,20130414112300,100,SrcPacketCount,allnet,allnet,,num
685,20130414112400,100,SrcPacketCount,allnet,allnet,,num
686,20130414112500,100,SrcPacketCount,allnet,allnet,,num
687,20130414112600,100,SrcPacketCount,allnet,allnet,,num
688,20130414112700,100,SrcPacketCount,allnet,allnet,,num
689,20130414112800,100,SrcPacketCount,allnet,allnet,,num
690,20130414112900,100,SrcPacketCount,allnet,allnet,,num
691,20130414113000,100,SrcPacketCount,allnet,allnet,,num
692,20130414113100,100,SrcPacketCount,allnet,allnet,,num
693,20130414113200,100,SrcPacketCount,allnet,allnet,,num
694,20130414113300,100,SrcPacketCount,allnet,allnet,,num
695,20130414113400,100,SrcPacketCount,allnet,allnet,,num
696,20130414113500,100,SrcPacketCount,allnet,allnet,,num
697,20130414113600,100,SrcPacketCount,allnet,allnet,,num
698,20130414113700,100,SrcPacketCount,allnet,allnet,,num
699,20130414113800,100,SrcPacketCount,allnet,allnet,,num
700,20130414113900,100,SrcPacketCount,allnet,allnet,,num
701,20130414114000,100,SrcPacketCount,allnet,allnet,,num
702,20130414114100,100,SrcPacketCount,allnet,allnet,,num
703,20130414114200,100,SrcPacketCount,allnet,allnet,,num
704,20130414114300,100,SrcPacketCount,allnet,allnet,,num
705,20130414114400,100,SrcPacketCount,allnet,allnet,,num
706,20130414114500,100,SrcPacketCount,allnet,allnet,,num
707,20130414114600,100,SrcPacketCount,allnet,allnet,,num
708,20130414114700,100,SrcPacketCount,allnet,allnet,,num
709,20130414114800,100,SrcPacketCount,allnet,allnet,,num
710,20130414114900,100,SrcPacketCount,allnet,allnet,,num
711,20130414115000,100,SrcPacketCount,allnet,allnet,,num
712,20130414115100,100,SrcPacketCount,allnet,allnet,,num
713,20130414115200,100,SrcPacketCount,allnet,allnet,,num
714,20130414115300,100,SrcPacketCount,allnet,allnet,,num
715,20130414115400,100,SrcPacketCount,allnet,allnet,,num
716,20130414115500,100,SrcPacketCount,allnet,allnet,,num
717,20130414115600,100,SrcPacketCount,allnet,allnet,,num
718,20130414115700,100,SrcPacketCount,allnet,allnet,,num
719,20130414115800,100,SrcPacketCount,allnet,allnet,,num
720,20130414115900,100,SrcPacketCount,allnet,allnet,,num
721,20130414120000,100,SrcPacketCount,allnet,allnet,,num
722,20130414120100,100,SrcPacketCount,allnet,allnet,,num
723,20130414120200,100,SrcPacketCount,allnet,allnet,,num
724,20130414120300,100,SrcPacketCount,allnet,allnet,,num
725,20130414120400,100,SrcPacketCount,allnet,allnet,,num
726,20130414120500,100,SrcPacketCount,allnet,allnet,,num
727,20130414120600,100,SrcPacketCount,allnet,allnet,,num
728,20130414120700,100,SrcPacketCount,allnet,allnet,,num
729,20130414120800,100,SrcPacketCount,allnet,allnet,,num
730,20130414120900,100,SrcPacketCount,allnet,allnet,,num
731,20130414121000,100,SrcPacketCount,allnet,allnet,,num
732,20130414121100,100,SrcPacketCount,allnet,allnet,,num
733,20130414121200,100,SrcPacketCount,allnet,allnet,,num
734,20130414121300,100,SrcPacketCount,allnet,allnet,,num
735,20130414121400,100,SrcPacketCount,allnet,allnet,,num
736,20130414121500,100,SrcPacketCount,allnet,allnet,,num
737,20130414121600,100,SrcPacketCount,allnet,allnet,,num
738,20130414121700,100,SrcPacketCount,allnet,allnet,,num
739,20130414121800,100,SrcPacketCount,allnet,allnet,,num
740,20130414121900,100,SrcPacketCount,allnet,allnet,,num
741,20130414122000,100,SrcPacketCount,allnet,allnet,,num
742,20130414122100,100,SrcPacketCount,allnet,allnet,,num
743,20130414122200,100,SrcPacketCount,allnet,allnet,,num
744,20130414122300,100,SrcPacketCount,allnet,allnet,,num
745,20130414122400,100,SrcPacketCount,allnet,allnet,,num
746,20130414122500,100,SrcPacketCount,allnet,allnet,,num
747,20130414122600,100,SrcPacketCount,allnet,allnet,,num
748,20130414122700,100,SrcPacketCount,allnet,allnet,,num
749,20130414122800,100,SrcPacketCount,allnet,allnet,,num
750,20130414122900,100,SrcPacketCount,allnet,allnet,,num
751,20130414123000,100,SrcPacketCount,allnet,allnet,,num
752,20130414123100,100,SrcPacketCount,allnet,allnet,,num
753,20130414123200,100,SrcPacketCount,allnet,allnet,,num
754,20130414123300,100,SrcPacketCount,allnet,allnet,,num
755,20130414123400,100,SrcPacketCount,allnet,allnet,,num
756,20130414123500,100,SrcPacketCount,allnet,allnet,,num
757,20130414123600,100,SrcPacketCount,allnet,allnet,,num
758,20130414123700,100,SrcPacketCount,allnet,allnet,,num
759,20130414123800,100,SrcPacketCount,allnet,allnet,,num
760,20130414123900,100,SrcPacketCount,allnet,allnet,,num
761,20130414124000,100,SrcPacketCount,allnet,allnet,,num
762,20130414124100,100,SrcPacketCount,allnet,allnet,,num
763,20130414124200,100,SrcPacketCount,allnet,allnet,,num
764,20130414124300,100,SrcPacketCount,allnet,allnet,,num
765,20130414124400,100,SrcPacketCount,allnet,allnet,,num
766,20130414124500,100,SrcPacketCount,allnet,allnet,,num
767,20130414124600,100,SrcPacketCount,allnet,allnet,,num
768,20130414124700,100,SrcPacketCount,allnet,allnet,,num
769,20130414124800,100,SrcPacketCount,allnet,allnet,,num
770,20130414124900,100,SrcPacketCount,allnet,allnet,,num
771,20130414125000,100,SrcPacketCount,allnet,allnet,,num
772,20130414125100,100,SrcPacketCount,allnet,allnet,,num
773,20130414125200,100,SrcPacketCount,allnet,allnet,,num
774,20130414125300,100,SrcPacketCount,allnet,allnet,,num
775,20130414125400,100,SrcPacketCount,allnet,allnet,,num
776,20130414125500,100,SrcPacketCount,allnet,allnet,,num
777,20130414125600,100,SrcPacketCount,allnet,allnet,,num
778,20130414125700,100,SrcPacketCount,allnet,allnet,,num
779,20130414125800,100,SrcPacketCount,allnet,allnet,,num
780,20130414125900,100,SrcPacketCount,allnet,allnet,,num
781,20130414130000,100,SrcPacketCount,allnet,allnet,,num
782,20130414130100,100,SrcPacketCount,allnet,allnet,,num
783,20130414130200,100,SrcPacketCount,allnet,allnet,,num
784,20130414130300,100,SrcPacketCount,allnet,allnet,,num
785,20130414130400,100,SrcPacketCount,allnet,allnet,,num
786,20130414130500,100,SrcPacketCount,allnet,allnet,,num
787,20130414130600,100,SrcPacketCount,allnet,allnet,,num
788,20130414130700,100,SrcPacketCount,allnet,allnet,,num
789,20130414130800,100,SrcPacketCount,allnet,allnet,,num
790,20130414130900,100,SrcPacketCount,allnet,allnet,,num
791,20130414131000,100,SrcPacketCount,allnet,allnet,,num
792,20130414131100,100,SrcPacketCount,allnet,allnet,,num
793,20130414131200,100,SrcPacketCount,allnet,allnet,,num
794,20130414131300,100,SrcPacketCount,allnet,allnet,,num
795,20130414131400,100,SrcPacketCount,allnet,allnet,,num
796,20130414131500,100,SrcPacketCount,allnet,allnet,,num
797,20130414131600,100,SrcPacketCount,allnet,allnet,,num
798,20130414131700,100,SrcPacketCount,allnet,allnet,,num
799,20130414131800,100,SrcPacketCount,allnet,allnet,,num
800,20130414131900,100,SrcPacketCount,allnet,allnet,,num
801,20130414132000,100,SrcPacketCount,allnet,allnet,,num
802,20130414132100,100,SrcPacketCount,allnet,allnet,,num
803,20130414132200,100,SrcPacketCount,allnet,allnet,,num
804,20130414132300,100,SrcPacketCount,allnet,allnet,,num
805,20130414132400,100,SrcPacketCount,allnet,allnet,,num
806,20130414132500,100,SrcPacketCount,allnet,allnet,,num
807,20130414132600,100,SrcPacketCount,allnet,allnet,,num
808,20130414132700,100,SrcPacketCount,allnet,allnet,,num
809,20130414132800,100,SrcPacketCount,allnet,allnet,,num
810,20130414132900,100,SrcPacketCount,allnet,allnet,,num
811,20130414133000,100,SrcPacketCount,allnet,allnet,,num
812,20130414133100,100,SrcPacketCount,allnet,allnet,,num
813,20130414133200,100,SrcPacketCount,allnet,allnet,,num
814,20130414133300,100,SrcPacketCount,allnet,allnet,,num
815,20130414133400,100,SrcPacketCount,allnet,allnet,,num
816,20130414133500,100,SrcPacketCount,allnet,allnet,,num
817,20130414133600,100,SrcPacketCount,allnet,allnet,,num
818,20130414133700,100,SrcPacketCount,allnet,allnet,,num
819,20130414133800,100,SrcPacketCount,allnet,allnet,,num
820,20130414133900,100,SrcPacketCount,allnet,allnet,,num
821,20130414134000,100,SrcPacketCount,allnet,allnet,,num
822,20130414134100,100,SrcPacketCount,allnet,allnet,,num
823,20130414134200,100,SrcPacketCount,allnet,allnet,,num
824,20130414134300,100,SrcPacketCount,allnet,allnet,,num
825,20130414134400,100,SrcPacketCount,allnet,allnet,,num
826,20130414134500,100,SrcPacketCount,allnet,allnet,,num
827,20130414134600,100,SrcPacketCount,allnet,allnet,,num
828,20130414134700,100,SrcPacketCount,allnet,allnet,,num
829,20130414134800,100,SrcPacketCount,allnet,allnet,,num
830,20130414134900,100,SrcPacketCount,allnet,allnet,,num
831,20130414135000,100,SrcPacketCount,allnet,allnet,,num
832,20130414135100,100,SrcPacketCount,allnet,allnet,,num
833,20130414135200,100,SrcPacketCount,allnet,allnet,,num
834,20130414135300,100,SrcPacketCount,allnet,allnet,,num
835,20130414135400,100,SrcPacketCount,allnet,allnet,,num
836,20130414135500,100,SrcPacketCount,allnet,allnet,,num
837,20130414135600,100,SrcPacketCount,allnet,allnet,,num
838,20130414135700,100,SrcPacketCount,allnet,allnet,,num
839,20130414135800,100,SrcPacketCount,allnet,allnet,,num
840,20130414135900,100,SrcPacketCount,allnet,allnet,,num
841,20130414140000,100,SrcPacketCount,allnet,allnet,,num
842,20130414140100,100,SrcPacketCount,allnet,allnet,,num
843,20130414140200,100,SrcPacketCount,allnet,allnet,,num
844,20130414140300,100,SrcPacketCount,allnet,allnet,,num
845,20130414140400,100,SrcPacketCount,allnet,allnet,,num
846,20130414140500,100,SrcPacketCount,allnet,allnet,,num
847,20130414140600,100,SrcPacketCount,allnet,allnet,,num
848,20130414140700,100,SrcPacketCount,allnet,allnet,,num
849,20130414140800,100,SrcPacketCount,allnet,allnet,,num
850,20130414140900,100,SrcPacketCount,allnet,allnet,,num
851,20130414141000,100,SrcPacketCount,allnet,allnet,,num
852,20130414141100,100,SrcPacketCount,allnet,allnet,,num
853,20130414141200,100,SrcPacketCount,allnet,allnet,,num
854,20130414141300,100,SrcPacketCount,allnet,allnet,,num
855,20130414141400,100,SrcPacketCount,allnet,allnet,,num
856,20130414141500,100,SrcPacketCount,allnet,allnet,,num
857,20130414141600,100,SrcPacketCount,allnet,allnet,,num
858,20130414141700,100,SrcPacketCount,allnet,allnet,,num
859,20130414141800,100,SrcPacketCount,allnet,allnet,,num
860,20130414141900,100,SrcPacketCount,allnet,allnet,,num
861,20130414142000,100,SrcPacketCount,allnet,allnet,,num
862,20130414142100,100,SrcPacketCount,allnet,allnet,,num
863,20130414142200,100,SrcPacketCount,allnet,allnet,,num
864,20130414142300,100,SrcPacketCount,allnet,allnet,,num
865,20130414142400,100,SrcPacketCount,allnet,allnet,,num
866,20130414142500,100,SrcPacketCount,allnet,allnet,,num
867,20130414142600,100,SrcPacketCount,allnet,allnet,,num
868,20130414142700,100,SrcPacketCount,allnet,allnet,,num
869,20130414142800,100,SrcPacketCount,allnet,allnet,,num
870,20130414142900,100,SrcPacketCount,allnet,allnet,,num
871,20130414143000,100,SrcPacketCount,allnet,allnet,,num
872,20130414143100,100,SrcPacketCount,allnet,allnet,,num
873,20130414143200,100,SrcPacketCount,allnet,allnet,,num
874,20130414143300,100,SrcPacketCount,allnet,allnet,,num
875,20130414143400,100,SrcPacketCount,allnet,allnet,,num
876,20130414143500,100,SrcPacketCount,allnet,allnet,,num
877,20130414143600,100,SrcPacketCount,allnet,allnet,,num
878,20130414143700,100,SrcPacketCount,allnet,allnet,,num
879,20130414143800,100,SrcPacketCount,allnet,allnet,,num
880,20130414143900,100,SrcPacketCount,allnet,allnet,,num
881,20130414144000,100,SrcPacketCount,allnet,allnet,,num
882,20130414144100,100,SrcPacketCount,allnet,allnet,,num
883,20130414144200,100,SrcPacketCount,allnet,allnet,,num
884,20130414144300,100,SrcPacketCount,allnet,allnet,,num
885,20130414144400,100,SrcPacketCount,allnet,allnet,,num
886,20130414144500,100,SrcPacketCount,allnet,allnet,,num
887,20130414144600,100,SrcPacketCount,allnet,allnet,,num
888,20130414144700,100,SrcPacketCount,allnet,allnet,,num
889,20130414144800,100,SrcPacketCount,allnet,allnet,,num
890,20130414144900,100,SrcPacketCount,allnet,allnet,,num
891,20130414145000,100,SrcPacketCount,allnet,allnet,,num
892,20130414145100,100,SrcPacketCount,allnet,allnet,,num
893,20130414145200,100,SrcPacketCount,allnet,allnet,,num
894,20130414145300,100,SrcPacketCount,allnet,allnet,,num
895,20130414145400,100,SrcPacketCount,allnet,allnet,,num
896,20130414145500,100,SrcPacketCount,allnet,allnet,,num
897,20130414145600,100,SrcPacketCount,allnet,allnet,,num
898,20130414145700,100,SrcPacketCount,allnet,allnet,,num
899,20130414145800,100,SrcPacketCount,allnet,allnet,,num
900,20130414145900,100,SrcPacketCount,allnet,allnet,,num
901,20130414150000,100,SrcPacketCount,allnet,allnet,,num
902,20130414150100,100,SrcPacketCount,allnet,allnet,,num
903,20130414150200,100,SrcPacketCount,allnet,allnet,,num
904,20130414150300,100,SrcPacketCount,allnet,allnet,,num
905,20130414150400,100,SrcPacketCount,allnet,allnet,,num
906,20130414150500,100,SrcPacketCount,allnet,allnet,,num
907,20130414150600,100,SrcPacketCount,allnet,allnet,,num
908,20130414150700,100,SrcPacketCount,allnet,allnet,,num
909,20130414150800,100,SrcPacketCount,allnet,allnet,,num
910,20130414150900,100,SrcPacketCount,allnet,allnet,,num
911,20130414151000,100,SrcPacketCount,allnet,allnet,,num
912,20130414151100,100,SrcPacketCount,allnet,allnet,,num
913,20130414151200,100,SrcPacketCount,allnet,allnet,,num
914,20130414151300,100,SrcPacketCount,allnet,allnet,,num
915,20130414151400,100,SrcPacketCount,allnet,allnet,,num
916,20130414151500,100,SrcPacketCount,allnet,allnet,,num
917,20130414151600,100,SrcPacketCount,allnet,allnet,,num
918,20130414151700,100,SrcPacketCount,allnet,allnet,,num
919,20130414151800,100,SrcPacketCount,allnet,allnet,,num
920,20130414151900,100,SrcPacketCount,allnet,allnet,,num
921,20130414152000,100,SrcPacketCount,allnet,allnet,,num
922,20130414152100,100,SrcPacketCount,allnet,allnet,,num
923,20130414152200,100,SrcPacketCount,allnet,allnet,,num
924,20130414152300,100,SrcPacketCount,allnet,allnet,,num
925,20130414152400,100,SrcPacketCount,allnet,allnet,,num
926,20130414152500,100,SrcPacketCount,allnet,allnet,,num
927,20130414152600,100,SrcPacketCount,allnet,allnet,,num
928,20130414152700,100,SrcPacketCount,allnet,allnet,,num
929,20130414152800,100,SrcPacketCount,allnet,allnet,,num
930,20130414152900,100,SrcPacketCount,allnet,allnet,,num
931,20130414153000,100,SrcPacketCount,allnet,allnet,,num
932,20130414153100,100,SrcPacketCount,allnet,allnet,,num
933,20130414153200,100,SrcPacketCount,allnet,allnet,,num
934,20130414153300,100,SrcPacketCount,allnet,allnet,,num
935,20130414153400,100,SrcPacketCount,allnet,allnet,,num
936,20130414153500,100,SrcPacketCount,allnet,allnet,,num
937,20130414153600,100,SrcPacketCount,allnet,allnet,,num
938,20130414153700,100,SrcPacketCount,allnet,allnet,,num
939,20130414153800,100,SrcPacketCount,allnet,allnet,,num
940,20130414153900,100,SrcPacketCount,allnet,allnet,,num
941,20130414154000,100,SrcPacketCount,allnet,allnet,,num
942,20130414154100,100,SrcPacketCount,allnet,allnet,,num
943,20130414154200,100,SrcPacketCount,allnet,allnet,,num
944,20130414154300,100,SrcPacketCount,allnet,allnet,,num
945,20130414154400,100,SrcPacketCount,allnet,allnet,,num
946,20130414154500,100,SrcPacketCount,allnet,allnet,,num
947,20130414154600,100,SrcPacketCount,allnet,allnet,,num
948,20130414154700,100,SrcPacketCount,allnet,allnet,,num
949,20130414154800,100,SrcPacketCount,allnet,allnet,,num
950,20130414154900,100,SrcPacketCount,allnet,allnet,,num
951,20130414155000,100,SrcPacketCount,allnet,allnet,,num
952,20130414155100,100,SrcPacketCount,allnet,allnet,,num
953,20130414155200,100,SrcPacketCount,allnet,allnet,,num
954,20130414155300,100,SrcPacketCount,allnet,allnet,,num
955,20130414155400,100,SrcPacketCount,allnet,allnet,,num
956,20130414155500,100,SrcPacketCount,allnet,allnet,,num
957,20130414155600,100,SrcPacketCount,allnet,allnet,,num
958,20130414155700,100,SrcPacketCount,allnet,allnet,,num
959,20130414155800,100,SrcPacketCount,allnet,allnet,,num
960,20130414155900,100,SrcPacketCount,allnet,allnet,,num
961,20130414160000,100,SrcPacketCount,allnet,allnet,,num
962,20130414160100,100,SrcPacketCount,allnet,allnet,,num
963,20130414160200,100,SrcPacketCount,allnet,allnet,,num
964,20130414160300,100,SrcPacketCount,allnet,allnet,,num
965,20130414160400,100,SrcPacketCount,allnet,allnet,,num
966,20130414160500,100,SrcPacketCount,allnet,allnet,,num
967,20130414160600,100,SrcPacketCount,allnet,allnet,,num
968,20130414160700,100,SrcPacketCount,allnet,allnet,,num
969,20130414160800,100,SrcPacketCount,allnet,allnet,,num
970,20130414160900,100,SrcPacketCount,allnet,allnet,,num
971,20130414161000,100,SrcPacketCount,allnet,allnet,,num
972,20130414161100,100,SrcPacketCount,allnet,allnet,,num
973,20130414161200,100,SrcPacketCount,allnet,allnet,,num
974,20130414161300,100,SrcPacketCount,allnet,allnet,,num
975,20130414161400,100,SrcPacketCount,allnet,allnet,,num
976,20130414161500,100,SrcPacketCount,allnet,allnet,,num
977,20130414161600,100,SrcPacketCount,allnet,allnet,,num
978,20130414161700,100,SrcPacketCount,allnet,allnet,,num
979,20130414161800,100,SrcPacketCount,allnet,allnet,,num
980,20130414161900,100,SrcPacketCount,allnet,allnet,,num
981,20130414162000,100,SrcPacketCount,allnet,allnet,,num
982,20130414162100,100,SrcPacketCount,allnet,allnet,,num
983,20130414162200,100,SrcPacketCount,allnet,allnet,,num
984,20130414162300,100,SrcPacketCount,allnet,allnet,,num
985,20130414162400,100,SrcPacketCount,allnet,allnet,,num
986,20130414162500,100,SrcPacketCount,allnet,allnet,,num
987,20130414162600,100,SrcPacketCount,allnet,allnet,,num
988,20130414162700,100,SrcPacketCount,allnet,allnet,,num
989,20130414162800,100,SrcPacketCount,allnet,allnet,,num
990,20130414162900,100,SrcPacketCount,allnet,allnet,,num
991,20130414163000,100,SrcPacketCount,allnet,allnet,,num
992,20130414163100,100,SrcPacketCount,allnet,allnet,,num
993,20130414163200,100,SrcPacketCount,allnet,allnet,,num
994,20130414163300,100,SrcPacketCount,allnet,allnet,,num
995,20130414163400,100,SrcPacketCount,allnet,allnet,,num
996,20130414163500,100,SrcPacketCount,allnet,allnet,,num
997,20130414163600,100,SrcPacketCount,allnet,allnet,,num
998,20130414163700,100,SrcPacketCount,allnet,allnet,,num
999,20130414163800,100,SrcPacketCount,allnet,allnet,,num
1000,20130414163900,100,SrcPacketCount,allnet,allnet,,num
1001,20130414164000,100,SrcPacketCount,allnet,allnet,,num
1002,20130414164100,100,SrcPacketCount,allnet,allnet,,num
1003,20130414164200,100,SrcPacketCount,allnet,allnet,,num
1004,20130414164300,100,SrcPacketCount,allnet,allnet,,num
1005,20130414164400,100,SrcPacketCount,allnet,allnet,,num
1006,20130414164500,100,SrcPacketCount,allnet,allnet,,num
1007,20130414164600,100,SrcPacketCount,allnet,allnet,,num
1008,20130414164700,100,SrcPacketCount,allnet,allnet,,num
1009,20130414164800,100,SrcPacketCount,allnet,allnet,,num
1010,20130414164900,100,SrcPacketCount,allnet,allnet,,num
1011,20130414165000,100,SrcPacketCount,allnet,allnet,,num
1012,20130414165100,100,SrcPacketCount,allnet,allnet,,num
1013,20130414165200,100,SrcPacketCount,allnet,allnet,,num
1014,20130414165300,100,SrcPacketCount,allnet,allnet,,num
1015,20130414165400,100,SrcPacketCount,allnet,allnet,,num
1016,20130414165500,100,SrcPacketCount,allnet,allnet,,num
1017,20130414165600,100,SrcPacketCount,allnet,allnet,,num
1018,20130414165700,100,SrcPacketCount,allnet,allnet,,num
1019,20130414165800,100,SrcPacketCount,allnet,allnet,,num
1020,20130414165900,100,SrcPacketCount,allnet,allnet,,num
1021,20130414170000,100,SrcPacketCount,allnet,allnet,,num
1022,20130414170100,100,SrcPacketCount,allnet,allnet,,num
1023,20130414170200,100,SrcPacketCount,allnet,allnet,,num
1024,20130414170300,100,SrcPacketCount,allnet,allnet,,num
1025,20130414170400,100,SrcPacketCount,allnet,allnet,,num
1026,20130414170500,100,SrcPacketCount,allnet,allnet,,num
1027,20130414170600,100,SrcPacketCount,allnet,allnet,,num
1028,20130414170700,100,SrcPacketCount,allnet,allnet,,num
1029,20130414170800,100,SrcPacketCount,allnet,allnet,,num
1030,20130414170900,100,SrcPacketCount,allnet,allnet,,num
1031,20130414171000,100,SrcPacketCount,allnet,allnet,,num
1032,20130414171100,100,SrcPacketCount,allnet,allnet,,num
1033,20130414171200,100,SrcPacketCount,allnet,allnet,,num
1034,20130414171300,100,SrcPacketCount,allnet,allnet,,num
1035,20130414171400,100,SrcPacketCount,allnet,allnet,,num
1036,20130414171500,100,SrcPacketCount,allnet,allnet,,num
1037,20130414171600,100,SrcPacketCount,allnet,allnet,,num
1038,20130414171700,100,SrcPacketCount,allnet,allnet,,num
1039,20130414171800,100,SrcPacketCount,allnet,allnet,,num
1040,20130414171900,100,SrcPacketCount,allnet,allnet,,num
1041,20130414172000,100,SrcPacketCount,allnet,allnet,,num
1042,20130414172100,100,SrcPacketCount,allnet,allnet,,num
1043,20130414172200,100,SrcPacketCount,allnet,allnet,,num
1044,20130414172300,100,SrcPacketCount,allnet,allnet,,num
1045,20130414172400,100,SrcPacketCount,allnet,allnet,,num
1046,20130414172500,100,SrcPacketCount,allnet,allnet,,num
1047,20130414172600,100,SrcPacketCount,allnet,allnet,,num
1048,20130414172700,100,SrcPacketCount,allnet,allnet,,num
1049,20130414172800,100,SrcPacketCount,allnet,allnet,,num
1050,20130414172900,100,SrcPacketCount,allnet,allnet,,num
1051,20130414173000,100,SrcPacketCount,allnet,allnet,,num
1052,20130414173100,100,SrcPacketCount,allnet,allnet,,num
1053,20130414173200,100,SrcPacketCount,allnet,allnet,,num
1054,20130414173300,100,SrcPacketCount,allnet,allnet,,num
1055,20130414173400,100,SrcPacketCount,allnet,allnet,,num
1056,20130414173500,100,SrcPacketCount,allnet,allnet,,num
1057,20130414173600,100,SrcPacketCount,allnet,allnet,,num
1058,20130414173700,100,SrcPacketCount,allnet,allnet,,num
1059,20130414173800,100,SrcPacketCount,allnet,allnet,,num
1060,20130414173900,100,SrcPacketCount,allnet,allnet,,num
1061,20130414174000,100,SrcPacketCount,allnet,allnet,,num
1062,20130414174100,100,SrcPacketCount,allnet,allnet,,num
1063,20130414174200,100,SrcPacketCount,allnet,allnet,,num
1064,20130414174300,100,SrcPacketCount,allnet,allnet,,num
1065,20130414174400,100,SrcPacketCount,allnet,allnet,,num
1066,20130414174500,100,SrcPacketCount,allnet,allnet,,num
1067,20130414174600,100,SrcPacketCount,allnet,allnet,,num
1068,20130414174700,100,SrcPacketCount,allnet,allnet,,num
1069,20130414174800,100,SrcPacketCount,allnet,allnet,,num
1070,20130414174900,100,SrcPacketCount,allnet,allnet,,num
1071,20130414175000,100,SrcPacketCount,allnet,allnet,,num
1072,20130414175100,100,SrcPacketCount,allnet,allnet,,num
1073,20130414175200,100,SrcPacketCount,allnet,allnet,,num
1074,20130414175300,100,SrcPacketCount,allnet,allnet,,num
1075,20130414175400,100,SrcPacketCount,allnet,allnet,,num
1076,20130414175500,100,SrcPacketCount,allnet,allnet,,num
1077,20130414175600,100,SrcPacketCount,allnet,allnet,,num
1078,20130414175700,100,SrcPacketCount,allnet,allnet,,num
1079,20130414175800,100,SrcPacketCount,allnet,allnet,,num
1080,20130414175900,100,SrcPacketCount,allnet,allnet,,num
1081,20130414180000,100,SrcPacketCount,allnet,allnet,,num
1082,20130414180100,100,SrcPacketCount,allnet,allnet,,num
1083,20130414180200,100,SrcPacketCount,allnet,allnet,,num
1084,20130414180300,100,SrcPacketCount,allnet,allnet,,num
1085,20130414180400,100,SrcPacketCount,allnet,allnet,,num
1086,20130414180500,100,SrcPacketCount,allnet,allnet,,num
1087,20130414180600,100,SrcPacketCount,allnet,allnet,,num
1088,20130414180700,100,SrcPacketCount,allnet,allnet,,num
1089,20130414180800,100,SrcPacketCount,allnet,allnet,,num
1090,20130414180900,100,SrcPacketCount,allnet,allnet,,num
1091,20130414181000,100,SrcPacketCount,allnet,allnet,,num
1092,20130414181100,100,SrcPacketCount,allnet,allnet,,num
1093,20130414181200,100,SrcPacketCount,allnet,allnet,,num
1094,20130414181300,100,SrcPacketCount,allnet,allnet,,num
1095,20130414181400,100,SrcPacketCount,allnet,allnet,,num
1096,20130414181500,100,SrcPacketCount,allnet,allnet,,num
1097,20130414181600,100,SrcPacketCount,allnet,allnet,,num
1098,20130414181700,100,SrcPacketCount,allnet,allnet,,num
1099,20130414181800,100,SrcPacketCount,allnet,allnet,,num
1100,20130414181900,100,SrcPacketCount,allnet,allnet,,num
1101,20130414182000,100,SrcPacketCount,allnet,allnet,,num
1102,20130414182100,100,SrcPacketCount,allnet,allnet,,num
1103,20130414182200,100,SrcPacketCount,allnet,allnet,,num
1104,20130414182300,100,SrcPacketCount,allnet,allnet,,num
1105,20130414182400,100,SrcPacketCount,allnet,allnet,,num
1106,20130414182500,100,SrcPacketCount,allnet,allnet,,num
1107,20130414182600,100,SrcPacketCount,allnet,allnet,,num
1108,20130414182700,100,SrcPacketCount,allnet,allnet,,num
1109,20130414182800,100,SrcPacketCount,allnet,allnet,,num
1110,20130414182900,100,SrcPacketCount,allnet,allnet,,num
1111,20130414183000,100,SrcPacketCount,allnet,allnet,,num
1112,20130414183100,100,SrcPacketCount,allnet,allnet,,num
1113,20130414183200,100,SrcPacketCount,allnet,allnet,,num
1114,20130414183300,100,SrcPacketCount,allnet,allnet,,num
1115,20130414183400,100,SrcPacketCount,allnet,allnet,,num
1116,20130414183500,100,SrcPacketCount,allnet,allnet,,num
1117,20130414183600,100,SrcPacketCount,allnet,allnet,,num
1118,20130414183700,100,SrcPacketCount,allnet,allnet,,num
1119,20130414183800,100,SrcPacketCount,allnet,allnet,,num
1120,20130414183900,100,SrcPacketCount,allnet,allnet,,num
1121,20130414184000,100,SrcPacketCount,allnet,allnet,,num
1122,20130414184100,100,SrcPacketCount,allnet,allnet,,num
1123,20130414184200,100,SrcPacketCount,allnet,allnet,,num
1124,20130414184300,100,SrcPacketCount,allnet,allnet,,num
1125,20130414184400,100,SrcPacketCount,allnet,allnet,,num
1126,20130414184500,100,SrcPacketCount,allnet,allnet,,num
1127,20130414184600,100,SrcPacketCount,allnet,allnet,,num
1128,20130414184700,100,SrcPacketCount,allnet,allnet,,num
1129,20130414184800,100,SrcPacketCount,allnet,allnet,,num
1130,20130414184900,100,SrcPacketCount,allnet,allnet,,num
1131,20130414185000,100,SrcPacketCount,allnet,allnet,,num
1132,20130414185100,100,SrcPacketCount,allnet,allnet,,num
1133,20130414185200,100,SrcPacketCount,allnet,allnet,,num
1134,20130414185300,100,SrcPacketCount,allnet,allnet,,num
1135,20130414185400,100,SrcPacketCount,allnet,allnet,,num
1136,20130414185500,100,SrcPacketCount,allnet,allnet,,num
1137,20130414185600,100,SrcPacketCount,allnet,allnet,,num
1138,20130414185700,100,SrcPacketCount,allnet,allnet,,num
1139,20130414185800,100,SrcPacketCount,allnet,allnet,,num
1140,20130414185900,100,SrcPacketCount,allnet,allnet,,num
1141,20130414190000,100,SrcPacketCount,allnet,allnet,,num
1142,20130414190100,100,SrcPacketCount,allnet,allnet,,num
1143,20130414190200,100,SrcPacketCount,allnet,allnet,,num
1144,20130414190300,100,SrcPacketCount,allnet,allnet,,num
1145,20130414190400,100,SrcPacketCount,allnet,allnet,,num
1146,20130414190500,100,SrcPacketCount,allnet,allnet,,num
1147,20130414190600,100,SrcPacketCount,allnet,allnet,,num
1148,20130414190700,100,SrcPacketCount,allnet,allnet,,num
1149,20130414190800,100,SrcPacketCount,allnet,allnet,,num
1150,20130414190900,100,SrcPacketCount,allnet,allnet,,num
1151,20130414191000,100,SrcPacketCount,allnet,allnet,,num
1152,20130414191100,100,SrcPacketCount,allnet,allnet,,num
1153,20130414191200,100,SrcPacketCount,allnet,allnet,,num
1154,20130414191300,100,SrcPacketCount,allnet,allnet,,num
1155,20130414191400,100,SrcPacketCount,allnet,allnet,,num
1156,20130414191500,100,SrcPacketCount,allnet,allnet,,num
1157,20130414191600,100,SrcPacketCount,allnet,allnet,,num
1158,20130414191700,100,SrcPacketCount,allnet,allnet,,num
1159,20130414191800,100,SrcPacketCount,allnet,allnet,,num
1160,20130414191900,100,SrcPacketCount,allnet,allnet,,num
1161,20130414192000,100,SrcPacketCount,allnet,allnet,,num
1162,20130414192100,100,SrcPacketCount,allnet,allnet,,num
1163,20130414192200,100,SrcPacketCount,allnet,allnet,,num
1164,20130414192300,100,SrcPacketCount,allnet,allnet,,num
1165,20130414192400,100,SrcPacketCount,allnet,allnet,,num
1166,20130414192500,100,SrcPacketCount,allnet,allnet,,num
1167,20130414192600,100,SrcPacketCount,allnet,allnet,,num
1168,20130414192700,100,SrcPacketCount,allnet,allnet,,num
1169,20130414192800,100,SrcPacketCount,allnet,allnet,,num
1170,20130414192900,100,SrcPacketCount,allnet,allnet,,num
1171,20130414193000,100,SrcPacketCount,allnet,allnet,,num
1172,20130414193100,100,SrcPacketCount,allnet,allnet,,num
1173,20130414193200,100,SrcPacketCount,allnet,allnet,,num
1174,20130414193300,100,SrcPacketCount,allnet,allnet,,num
1175,20130414193400,100,SrcPacketCount,allnet,allnet,,num
1176,20130414193500,100,SrcPacketCount,allnet,allnet,,num
1177,20130414193600,100,SrcPacketCount,allnet,allnet,,num
1178,20130414193700,100,SrcPacketCount,allnet,allnet,,num
1179,20130414193800,100,SrcPacketCount,allnet,allnet,,num
1180,20130414193900,100,SrcPacketCount,allnet,allnet,,num
1181,20130414194000,100,SrcPacketCount,allnet,allnet,,num
1182,20130414194100,100,SrcPacketCount,allnet,allnet,,num
1183,20130414194200,100,SrcPacketCount,allnet,allnet,,num
1184,20130414194300,100,SrcPacketCount,allnet,allnet,,num
1185,20130414194400,100,SrcPacketCount,allnet,allnet,,num
1186,20130414194500,100,SrcPacketCount,allnet,allnet,,num
1187,20130414194600,100,SrcPacketCount,allnet,allnet,,num
1188,20130414194700,100,SrcPacketCount,allnet,allnet,,num
1189,20130414194800,100,SrcPacketCount,allnet,allnet,,num
1190,20130414194900,100,SrcPacketCount,allnet,allnet,,num
1191,20130414195000,100,SrcPacketCount,allnet,allnet,,num
1192,20130414195100,100,SrcPacketCount,allnet,allnet,,num
1193,20130414195200,100,SrcPacketCount,allnet,allnet,,num
1194,20130414195300,100,SrcPacketCount,allnet,allnet,,num
1195,20130414195400,100,SrcPacketCount,allnet,allnet,,num
1196,20130414195500,100,SrcPacketCount,allnet,allnet,,num
1197,20130414195600,100,SrcPacketCount,allnet,allnet,,num
1198,20130414195700,100,SrcPacketCount,allnet,allnet,,num
1199,20130414195800,100,SrcPacketCount,allnet,allnet,,num
1200,20130414195900,100,SrcPacketCount,allnet,allnet,,num
1201,20130414200000,100,SrcPacketCount,allnet,allnet,,num
1202,20130414200100,100,SrcPacketCount,allnet,allnet,,num
1203,20130414200200,100,SrcPacketCount,allnet,allnet,,num
1204,20130414200300,100,SrcPacketCount,allnet,allnet,,num
1205,20130414200400,100,SrcPacketCount,allnet,allnet,,num
1206,20130414200500,100,SrcPacketCount,allnet,allnet,,num
1207,20130414200600,100,SrcPacketCount,allnet,allnet,,num
1208,20130414200700,100,SrcPacketCount,allnet,allnet,,num
1209,20130414200800,100,SrcPacketCount,allnet,allnet,,num
1210,20130414200900,100,SrcPacketCount,allnet,allnet,,num
1211,20130414201000,100,SrcPacketCount,allnet,allnet,,num
1212,20130414201100,100,SrcPacketCount,allnet,allnet,,num
1213,20130414201200,100,SrcPacketCount,allnet,allnet,,num
1214,20130414201300,100,SrcPacketCount,allnet,allnet,,num
1215,20130414201400,100,SrcPacketCount,allnet,allnet,,num
1216,20130414201500,100,SrcPacketCount,allnet,allnet,,num
1217,20130414201600,100,SrcPacketCount,allnet,allnet,,num
1218,20130414201700,100,SrcPacketCount,allnet,allnet,,num
1219,20130414201800,100,SrcPacketCount,allnet,allnet,,num
1220,20130414201900,100,SrcPacketCount,allnet,allnet,,num
1221,20130414202000,100,SrcPacketCount,allnet,allnet,,num
1222,20130414202100,100,SrcPacketCount,allnet,allnet,,num
1223,20130414202200,100,SrcPacketCount,allnet,allnet,,num
1224,20130414202300,100,SrcPacketCount,allnet,allnet,,num
1225,20130414202400,100,SrcPacketCount,allnet,allnet,,num
1226,20130414202500,100,SrcPacketCount,allnet,allnet,,num
1227,20130414202600,100,SrcPacketCount,allnet,allnet,,num
1228,20130414202700,100,SrcPacketCount,allnet,allnet,,num
1229,20130414202800,100,SrcPacketCount,allnet,allnet,,num
1230,20130414202900,100,SrcPacketCount,allnet,allnet,,num
1231,20130414203000,100,SrcPacketCount,allnet,allnet,,num
1232,20130414203100,100,SrcPacketCount,allnet,allnet,,num
1233,20130414203200,100,SrcPacketCount,allnet,allnet,,num
1234,20130414203300,100,SrcPacketCount,allnet,allnet,,num
1235,20130414203400,100,SrcPacketCount,allnet,allnet,,num
1236,20130414203500,100,SrcPacketCount,allnet,allnet,,num
1237,20130414203600,100,SrcPacketCount,allnet,allnet,,num
1238,20130414203700,100,SrcPacketCount,allnet,allnet,,num
1239,20130414203800,100,SrcPacketCount,allnet,allnet,,num
1240,20130414203900,100,SrcPacketCount,allnet,allnet,,num
1241,20130414204000,100,SrcPacketCount,allnet,allnet,,num
1242,20130414204100,100,SrcPacketCount,allnet,allnet,,num
1243,20130414204200,100,SrcPacketCount,allnet,allnet,,num
1244,20130414204300,100,SrcPacketCount,allnet,allnet,,num
1245,20130414204400,100,SrcPacketCount,allnet,allnet,,num
1246,20130414204500,100,SrcPacketCount,allnet,allnet,,num
1247,20130414204600,100,SrcPacketCount,allnet,allnet,,num
1248,20130414204700,100,SrcPacketCount,allnet,allnet,,num
1249,20130414204800,100,SrcPacketCount,allnet,allnet,,num
1250,20130414204900,100,SrcPacketCount,allnet,allnet,,num
1251,20130414205000,100,SrcPacketCount,allnet,allnet,,num
1252,20130414205100,100,SrcPacketCount,allnet,allnet,,num
1253,20130414205200,100,SrcPacketCount,allnet,allnet,,num
1254,20130414205300,100,SrcPacketCount,allnet,allnet,,num
1255,20130414205400,100,SrcPacketCount,allnet,allnet,,num
1256,20130414205500,100,SrcPacketCount,allnet,allnet,,num
1257,20130414205600,100,SrcPacketCount,allnet,allnet,,num
1258,20130414205700,100,SrcPacketCount,allnet,allnet,,num
1259,20130414205800,100,SrcPacketCount,allnet,allnet,,num
1260,20130414205900,100,SrcPacketCount,allnet,allnet,,num
1261,20130414210000,100,SrcPacketCount,allnet,allnet,,num
1262,20130414210100,100,SrcPacketCount,allnet,allnet,,num
1263,20130414210200,100,SrcPacketCount,allnet,allnet,,num
1264,20130414210300,100,SrcPacketCount,allnet,allnet,,num
1265,20130414210400,100,SrcPacketCount,allnet,allnet,,num
1266,20130414210500,100,SrcPacketCount,allnet,allnet,,num
1267,20130414210600,100,SrcPacketCount,allnet,allnet,,num
1268,20130414210700,100,SrcPacketCount,allnet,allnet,,num
1269,20130414210800,100,SrcPacketCount,allnet,allnet,,num
1270,20130414210900,100,SrcPacketCount,allnet,allnet,,num
1271,20130414211000,100,SrcPacketCount,allnet,allnet,,num
1272,20130414211100,100,SrcPacketCount,allnet,allnet,,num
1273,20130414211200,100,SrcPacketCount,allnet,allnet,,num
1274,20130414211300,100,SrcPacketCount,allnet,allnet,,num
1275,20130414211400,100,SrcPacketCount,allnet,allnet,,num
1276,20130414211500,100,SrcPacketCount,allnet,allnet,,num
1277,20130414211600,100,SrcPacketCount,allnet,allnet,,num
1278,20130414211700,100,SrcPacketCount,allnet,allnet,,num
1279,20130414211800,100,SrcPacketCount,allnet,allnet,,num
1280,20130414211900,100,SrcPacketCount,allnet,allnet,,num
1281,20130414212000,100,SrcPacketCount,allnet,allnet,,num
1282,20130414212100,100,SrcPacketCount,allnet,allnet,,num
1283,20130414212200,100,SrcPacketCount,allnet,allnet,,num
1284,20130414212300,100,SrcPacketCount,allnet,allnet,,num
1285,20130414212400,100,SrcPacketCount,allnet,allnet,,num
1286,20130414212500,100,SrcPacketCount,allnet,allnet,,num
1287,20130414212600,100,SrcPacketCount,allnet,allnet,,num
1288,20130414212700,100,SrcPacketCount,allnet,allnet,,num
1289,20130414212800,100,SrcPacketCount,allnet,allnet,,num
1290,20130414212900,100,SrcPacketCount,allnet,allnet,,num
1291,20130414213000,100,SrcPacketCount,allnet,allnet,,num
1292,20130414213100,100,SrcPacketCount,allnet,allnet,,num
1293,20130414213200,100,SrcPacketCount,allnet,allnet,,num
1294,20130414213300,100,SrcPacketCount,allnet,allnet,,num
1295,20130414213400,100,SrcPacketCount,allnet,allnet,,num
1296,20130414213500,100,SrcPacketCount,allnet,allnet,,num
1297,20130414213600,100,SrcPacketCount,allnet,allnet,,num
1298,20130414213700,100,SrcPacketCount,allnet,allnet,,num
1299,20130414213800,100,SrcPacketCount,allnet,allnet,,num
1300,20130414213900,100,SrcPacketCount,allnet,allnet,,num
1301,20130414214000,100,SrcPacketCount,allnet,allnet,,num
1302,20130414214100,100,SrcPacketCount,allnet,allnet,,num
1303,20130414214200,100,SrcPacketCount,allnet,allnet,,num
1304,20130414214300,100,SrcPacketCount,allnet,allnet,,num
1305,20130414214400,100,SrcPacketCount,allnet,allnet,,num
1306,20130414214500,100,SrcPacketCount,allnet,allnet,,num
1307,20130414214600,100,SrcPacketCount,allnet,allnet,,num
1308,20130414214700,100,SrcPacketCount,allnet,allnet,,num
1309,20130414214800,100,SrcPacketCount,allnet,allnet,,num
1310,20130414214900,100,SrcPacketCount,allnet,allnet,,num
1311,20130414215000,100,SrcPacketCount,allnet,allnet,,num
1312,20130414215100,100,SrcPacketCount,allnet,allnet,,num
1313,20130414215200,100,SrcPacketCount,allnet,allnet,,num
1314,20130414215300,100,SrcPacketCount,allnet,allnet,,num
1315,20130414215400,100,SrcPacketCount,allnet,allnet,,num
1316,20130414215500,100,SrcPacketCount,allnet,allnet,,num
1317,20130414215600,100,SrcPacketCount,allnet,allnet,,num
1318,20130414215700,100,SrcPacketCount,allnet,allnet,,num
1319,20130414215800,100,SrcPacketCount,allnet,allnet,,num
1320,20130414215900,100,SrcPacketCount,allnet,allnet,,num
1321,20130414220000,100,SrcPacketCount,allnet,allnet,,num
1322,20130414220100,100,SrcPacketCount,allnet,allnet,,num
1323,20130414220200,100,SrcPacketCount,allnet,allnet,,num
1324,20130414220300,100,SrcPacketCount,allnet,allnet,,num
1325,20130414220400,100,SrcPacketCount,allnet,allnet,,num
1326,20130414220500,100,SrcPacketCount,allnet,allnet,,num
1327,20130414220600,100,SrcPacketCount,allnet,allnet,,num
1328,20130414220700,100,SrcPacketCount,allnet,allnet,,num
1329,20130414220800,100,SrcPacketCount,allnet,allnet,,num
1330,20130414220900,100,SrcPacketCount,allnet,allnet,,num
1331,20130414221000,100,SrcPacketCount,allnet,allnet,,num
1332,20130414221100,100,SrcPacketCount,allnet,allnet,,num
1333,20130414221200,100,SrcPacketCount,allnet,allnet,,num
1334,20130414221300,100,SrcPacketCount,allnet,allnet,,num
1335,20130414221400,100,SrcPacketCount,allnet,allnet,,num
1336,20130414221500,100,SrcPacketCount,allnet,allnet,,num
1337,20130414221600,100,SrcPacketCount,allnet,allnet,,num
1338,20130414221700,100,SrcPacketCount,allnet,allnet,,num
1339,20130414221800,100,SrcPacketCount,allnet,allnet,,num
1340,20130414221900,100,SrcPacketCount,allnet,allnet,,num
1341,20130414222000,100,SrcPacketCount,allnet,allnet,,num
1342,20130414222100,100,SrcPacketCount,allnet,allnet,,num
1343,20130414222200,100,SrcPacketCount,allnet,allnet,,num
1344,20130414222300,100,SrcPacketCount,allnet,allnet,,num
1345,20130414222400,100,SrcPacketCount,allnet,allnet,,num
1346,20130414222500,100,SrcPacketCount,allnet,allnet,,num
1347,20130414222600,100,SrcPacketCount,allnet,allnet,,num
1348,20130414222700,100,SrcPacketCount,allnet,allnet,,num
1349,20130414222800,100,SrcPacketCount,allnet,allnet,,num
1350,20130414222900,100,SrcPacketCount,allnet,allnet,,num
1351,20130414223000,100,SrcPacketCount,allnet,allnet,,num
1352,20130414223100,100,SrcPacketCount,allnet,allnet,,num
1353,20130414223200,100,SrcPacketCount,allnet,allnet,,num
1354,20130414223300,100,SrcPacketCount,allnet,allnet,,num
1355,20130414223400,100,SrcPacketCount,allnet,allnet,,num
1356,20130414223500,100,SrcPacketCount,allnet,allnet,,num
1357,20130414223600,100,SrcPacketCount,allnet,allnet,,num
1358,20130414223700,100,SrcPacketCount,allnet,allnet,,num
1359,20130414223800,100,SrcPacketCount,allnet,allnet,,num
1360,20130414223900,100,SrcPacketCount,allnet,allnet,,num
1361,20130414224000,100,SrcPacketCount,allnet,allnet,,num
1362,20130414224100,100,SrcPacketCount,allnet,allnet,,num
1363,20130414224200,100,SrcPacketCount,allnet,allnet,,num
1364,20130414224300,100,SrcPacketCount,allnet,allnet,,num
1365,20130414224400,100,SrcPacketCount,allnet,allnet,,num
1366,20130414224500,100,SrcPacketCount,allnet,allnet,,num
1367,20130414224600,100,SrcPacketCount,allnet,allnet,,num
1368,20130414224700,100,SrcPacketCount,allnet,allnet,,num
1369,20130414224800,100,SrcPacketCount,allnet,allnet,,num
1370,20130414224900,100,SrcPacketCount,allnet,allnet,,num
1371,20130414225000,100,SrcPacketCount,allnet,allnet,,num
1372,20130414225100,100,SrcPacketCount,allnet,allnet,,num
1373,20130414225200,100,SrcPacketCount,allnet,allnet,,num
1374,20130414225300,100,SrcPacketCount,allnet,allnet,,num
1375,20130414225400,100,SrcPacketCount,allnet,allnet,,num
1376,20130414225500,100,SrcPacketCount,allnet,allnet,,num
1377,20130414225600,100,SrcPacketCount,allnet,allnet,,num
1378,20130414225700,100,SrcPacketCount,allnet,allnet,,num
1379,20130414225800,100,SrcPacketCount,allnet,allnet,,num
1380,20130414225900,100,SrcPacketCount,allnet,allnet,,num
1381,20130414230000,100,SrcPacketCount,allnet,allnet,,num
1382,20130414230100,100,SrcPacketCount,allnet,allnet,,num
1383,20130414230200,100,SrcPacketCount,allnet,allnet,,num
1384,20130414230300,100,SrcPacketCount,allnet,allnet,,num
1385,20130414230400,100,SrcPacketCount,allnet,allnet,,num
1386,20130414230500,100,SrcPacketCount,allnet,allnet,,num
1387,20130414230600,100,SrcPacketCount,allnet,allnet,,num
1388,20130414230700,100,SrcPacketCount,allnet,allnet,,num
1389,20130414230800,100,SrcPacketCount,allnet,allnet,,num
1390,20130414230900,100,SrcPacketCount,allnet,allnet,,num
1391,20130414231000,100,SrcPacketCount,allnet,allnet,,num
1392,20130414231100,100,SrcPacketCount,allnet,allnet,,num
1393,20130414231200,100,SrcPacketCount,allnet,allnet,,num
1394,20130414231300,100,SrcPacketCount,allnet,allnet,,num
1395,20130414231400,100,SrcPacketCount,allnet,allnet,,num
1396,20130414231500,100,SrcPacketCount,allnet,allnet,,num
1397,20130414231600,100,SrcPacketCount,allnet,allnet,,num
1398,20130414231700,100,SrcPacketCount,allnet,allnet,,num
1399,20130414231800,100,SrcPacketCount,allnet,allnet,,num
1400,20130414231900,100,SrcPacketCount,allnet,allnet,,num
1401,20130414232000,100,SrcPacketCount,allnet,allnet,,num
1402,20130414232100,100,SrcPacketCount,allnet,allnet,,num
1403,20130414232200,100,SrcPacketCount,allnet,allnet,,num
1404,20130414232300,100,SrcPacketCount,allnet,allnet,,num
1405,20130414232400,100,SrcPacketCount,allnet,allnet,,num
1406,20130414232500,100,SrcPacketCount,allnet,allnet,,num
1407,20130414232600,100,SrcPacketCount,allnet,allnet,,num
1408,20130414232700,100,SrcPacketCount,allnet,allnet,,num
1409,20130414232800,100,SrcPacketCount,allnet,allnet,,num
1410,20130414232900,100,SrcPacketCount,allnet,allnet,,num
1411,20130414233000,100,SrcPacketCount,allnet,allnet,,num
1412,20130414233100,100,SrcPacketCount,allnet,allnet,,num
1413,20130414233200,100,SrcPacketCount,allnet,allnet,,num
1414,20130414233300,100,SrcPacketCount,allnet,allnet,,num
1415,20130414233400,100,SrcPacketCount,allnet,allnet,,num
1416,20130414233500,100,SrcPacketCount,allnet,allnet,,num
1417,20130414233600,100,SrcPacketCount,allnet,allnet,,num
1418,20130414233700,100,SrcPacketCount,allnet,allnet,,num
1419,20130414233800,100,SrcPacketCount,allnet,allnet,,num
1420,20130414233900,100,SrcPacketCount,allnet,allnet,,num
1421,20130414234000,100,SrcPacketCount,allnet,allnet,,num
1422,20130414234100,100,SrcPacketCount,allnet,allnet,,num
1423,20130414234200,100,SrcPacketCount,allnet,allnet,,num
1424,20130414234300,100,SrcPacketCount,allnet,allnet,,num
1425,20130414234400,100,SrcPacketCount,allnet,allnet,,num
1426,20130414234500,100,SrcPacketCount,allnet,allnet,,num
1427,20130414234600,100,SrcPacketCount,allnet,allnet,,num
1428,20130414234700,100,SrcPacketCount,allnet,allnet,,num
1429,20130414234800,100,SrcPacketCount,allnet,allnet,,num
1430,20130414234900,100,SrcPacketCount,allnet,allnet,,num
1431,20130414235000,100,SrcPacketCount,allnet,allnet,,num
1432,20130414235100,100,SrcPacketCount,allnet,allnet,,num
1433,20130414235200,100,SrcPacketCount,allnet,allnet,,num
1434,20130414235300,100,SrcPacketCount,allnet,allnet,,num
1435,20130414235400,100,SrcPacketCount,allnet,allnet,,num
1436,20130414235500,100,SrcPacketCount,allnet,allnet,,num
1437,20130414235600,100,SrcPacketCount,allnet,allnet,,num
1438,20130414235700,100,SrcPacketCount,allnet,allnet,,num
1439,20130414235800,100,SrcPacketCount,allnet,allnet,,num
1440,20130414235900,100,SrcPacketCount,allnet,allnet,,num
1441,20130414240000,100,SrcPacketCount,allnet,allnet,,num
